<?xml version="1.0" standalone="no"?>
<!DOCTYPE score-partwise PUBLIC "-//Recordare//DTD MusicXML 1.0 Partwise//EN" "http://www.musicxml.org/dtds/partwise.dtd">
<score-partwise>
	<movement-title>Excerpt from Magnificat secundi toni</movement-title>
	<identification>
		<creator type="composer">Gilles Binchois</creator>
		<rights>Copyright 2003 Recordare LLC</rights>
		<encoding>
			<software>Finale 2003 for Windows</software>
			<software>Dolet for Finale 1.3</software>
			<encoding-date>2003-12-02</encoding-date>
		</encoding>
	</identification>
	<part-list>
		<score-part id="P1">
			<part-name>Cantus</part-name>
			<score-instrument id="P1-I5">
				<instrument-name>Cantus</instrument-name>
			</score-instrument>
		</score-part>
		<score-part id="P2">
			<part-name>Cantus 2 and Tenor</part-name>
			<score-instrument id="P2-I4">
				<instrument-name>Cantus 2</instrument-name>
			</score-instrument>
			<score-instrument id="P2-I3">
				<instrument-name>Tenor</instrument-name>
			</score-instrument>
		</score-part>
	</part-list>
	<part id="P1">
		<measure number="1">
			<attributes>
				<divisions>8</divisions>
				<key>
					<fifths>-1</fifths>
				</key>
				<clef>
					<sign>F</sign>
					<line>4</line>
				</clef>
			</attributes>
			<direction placement="above">
				<direction-type>
					<words relative-y="23" relative-x="-8">Chorus</words>
				</direction-type>
			</direction>
			<note>
				<pitch>
					<step>C</step>
					<octave>4</octave>
				</pitch>
				<duration>8</duration>
				<voice>1</voice>
				<type>quarter</type>
				<stem>none</stem>
				<lyric number="1">
					<syllabic>begin</syllabic>
					<text>Ma</text>
				</lyric>
			</note>
			<note>
				<pitch>
					<step>D</step>
					<octave>4</octave>
				</pitch>
				<duration>8</duration>
				<voice>1</voice>
				<type>quarter</type>
				<stem>none</stem>
				<lyric number="1">
					<syllabic>middle</syllabic>
					<text>gni</text>
				</lyric>
			</note>
			<note>
				<pitch>
					<step>C</step>
					<octave>4</octave>
				</pitch>
				<duration>8</duration>
				<voice>1</voice>
				<type>quarter</type>
				<stem>none</stem>
				<notations>
					<slur type="start" number="1"/>
				</notations>
				<lyric number="1">
					<syllabic>middle</syllabic>
					<text>fi</text>
				</lyric>
			</note>
			<note>
				<pitch>
					<step>F</step>
					<octave>4</octave>
				</pitch>
				<duration>8</duration>
				<voice>1</voice>
				<type>quarter</type>
				<stem>none</stem>
				<notations>
					<slur type="stop" number="1"/>
				</notations>
			</note>
			<note>
				<pitch>
					<step>F</step>
					<octave>4</octave>
				</pitch>
				<duration>8</duration>
				<voice>1</voice>
				<type>quarter</type>
				<stem>none</stem>
				<lyric number="1">
					<syllabic>end</syllabic>
					<text>cat</text>
				</lyric>
			</note>
		</measure>
		<measure number="2">
			<attributes>
				<key>
					<fifths>-1</fifths>
				</key>
				<time>
					<beats>3</beats>
					<beat-type>4</beat-type>
				</time>
				<clef>
					<sign>F</sign>
					<line>4</line>
				</clef>
			</attributes>
			<direction placement="above">
				<direction-type>
					<words relative-y="7" relative-x="-47">(C.)</words>
				</direction-type>
			</direction>
			<note>
				<rest/>
				<duration>8</duration>
				<voice>1</voice>
				<type>quarter</type>
			</note>
			<note>
				<rest/>
				<duration>8</duration>
				<voice>1</voice>
				<type>quarter</type>
			</note>
			<note>
				<pitch>
					<step>F</step>
					<octave>4</octave>
				</pitch>
				<duration>8</duration>
				<voice>1</voice>
				<type>quarter</type>
				<stem>down</stem>
				<lyric number="1">
					<syllabic>begin</syllabic>
					<text>A</text>
				</lyric>
			</note>
		</measure>
		<measure number="3">
			<note>
				<pitch>
					<step>F</step>
					<octave>4</octave>
				</pitch>
				<duration>4</duration>
				<voice>1</voice>
				<type>eighth</type>
				<stem>down</stem>
				<lyric number="1">
					<syllabic>middle</syllabic>
					<text>ni</text>
				</lyric>
			</note>
			<note>
				<pitch>
					<step>G</step>
					<octave>4</octave>
				</pitch>
				<duration>8</duration>
				<voice>1</voice>
				<type>quarter</type>
				<stem>down</stem>
				<lyric number="1">
					<syllabic>end</syllabic>
					<text>ma</text>
				</lyric>
			</note>
			<note>
				<pitch>
					<step>E</step>
					<octave>4</octave>
				</pitch>
				<duration>4</duration>
				<voice>1</voice>
				<type>eighth</type>
				<stem>down</stem>
			</note>
			<note>
				<pitch>
					<step>D</step>
					<octave>4</octave>
				</pitch>
				<duration>6</duration>
				<voice>1</voice>
				<type>eighth</type>
				<dot/>
				<stem>down</stem>
				<beam number="1">begin</beam>
				<lyric number="1">
					<syllabic>begin</syllabic>
					<text>me</text>
				</lyric>
			</note>
			<note>
				<pitch>
					<step>C</step>
					<octave>4</octave>
				</pitch>
				<duration>2</duration>
				<voice>1</voice>
				<type>16th</type>
				<stem>down</stem>
				<beam number="1">end</beam>
				<beam number="2">backward hook</beam>
			</note>
		</measure>
		<measure number="4">
			<note>
				<pitch>
					<step>C</step>
					<octave>4</octave>
				</pitch>
				<duration>8</duration>
				<voice>1</voice>
				<type>quarter</type>
				<stem>down</stem>
				<lyric number="1">
					<syllabic>end</syllabic>
					<text>a</text>
				</lyric>
			</note>
			<note>
				<rest/>
				<duration>8</duration>
				<voice>1</voice>
				<type>quarter</type>
			</note>
			<note>
				<pitch>
					<step>F</step>
					<octave>3</octave>
				</pitch>
				<duration>4</duration>
				<voice>1</voice>
				<type>eighth</type>
				<stem>down</stem>
				<beam number="1">begin</beam>
				<lyric number="1">
					<syllabic>begin</syllabic>
					<text>do</text>
				</lyric>
			</note>
			<note>
				<pitch>
					<step>A</step>
					<octave>3</octave>
				</pitch>
				<duration>4</duration>
				<tie type="start"/>
				<voice>1</voice>
				<type>eighth</type>
				<stem>down</stem>
				<beam number="1">end</beam>
				<notations>
					<tied type="start"/>
				</notations>
			</note>
		</measure>
		<measure number="5">
			<note>
				<pitch>
					<step>A</step>
					<octave>3</octave>
				</pitch>
				<duration>4</duration>
				<tie type="stop"/>
				<voice>1</voice>
				<type>eighth</type>
				<stem>down</stem>
				<beam number="1">begin</beam>
				<notations>
					<tied type="stop"/>
				</notations>
			</note>
			<note>
				<pitch>
					<step>F</step>
					<octave>3</octave>
				</pitch>
				<duration>4</duration>
				<voice>1</voice>
				<type>eighth</type>
				<stem>down</stem>
				<beam number="1">end</beam>
			</note>
			<note>
				<pitch>
					<step>C</step>
					<octave>4</octave>
				</pitch>
				<duration>4</duration>
				<voice>1</voice>
				<type>eighth</type>
				<stem>down</stem>
				<beam number="1">begin</beam>
			</note>
			<note>
				<pitch>
					<step>A</step>
					<octave>3</octave>
				</pitch>
				<duration>4</duration>
				<voice>1</voice>
				<type>eighth</type>
				<stem>down</stem>
				<beam number="1">end</beam>
			</note>
			<direction placement="above">
				<direction-type>
					<bracket type="start" number="1" line-type="solid" line-end="down"/>
				</direction-type>
				<offset>1</offset>
			</direction>
			<note>
				<pitch>
					<step>G</step>
					<octave>3</octave>
				</pitch>
				<duration>8</duration>
				<voice>1</voice>
				<type>quarter</type>
				<stem>down</stem>
			</note>
		</measure>
		<measure number="6">
			<direction>
				<direction-type>
					<bracket type="stop" number="1" line-end="down"/>
				</direction-type>
				<offset>3</offset>
			</direction>
			<note>
				<pitch>
					<step>F</step>
					<octave>3</octave>
				</pitch>
				<duration>8</duration>
				<voice>1</voice>
				<type>quarter</type>
				<stem>down</stem>
			</note>
			<note>
				<rest/>
				<duration>4</duration>
				<voice>1</voice>
				<type>eighth</type>
			</note>
			<note>
				<pitch>
					<step>F</step>
					<octave>4</octave>
				</pitch>
				<duration>4</duration>
				<voice>1</voice>
				<type>eighth</type>
				<stem>down</stem>
			</note>
			<note>
				<pitch>
					<step>E</step>
					<octave>4</octave>
				</pitch>
				<duration>6</duration>
				<voice>1</voice>
				<type>eighth</type>
				<dot/>
				<stem>down</stem>
				<beam number="1">begin</beam>
			</note>
			<note>
				<pitch>
					<step>D</step>
					<octave>4</octave>
				</pitch>
				<duration>2</duration>
				<voice>1</voice>
				<type>16th</type>
				<stem>down</stem>
				<beam number="1">end</beam>
				<beam number="2">backward hook</beam>
			</note>
		</measure>
		<measure number="7">
			<note>
				<pitch>
					<step>F</step>
					<octave>4</octave>
				</pitch>
				<duration>4</duration>
				<voice>1</voice>
				<type>eighth</type>
				<stem>down</stem>
				<beam number="1">begin</beam>
			</note>
			<note>
				<pitch>
					<step>E</step>
					<octave>4</octave>
				</pitch>
				<duration>4</duration>
				<tie type="start"/>
				<voice>1</voice>
				<type>eighth</type>
				<stem>down</stem>
				<beam number="1">end</beam>
				<notations>
					<tied type="start"/>
				</notations>
			</note>
			<note>
				<pitch>
					<step>E</step>
					<octave>4</octave>
				</pitch>
				<duration>2</duration>
				<tie type="stop"/>
				<voice>1</voice>
				<type>16th</type>
				<stem>down</stem>
				<beam number="1">begin</beam>
				<beam number="2">begin</beam>
				<notations>
					<tied type="stop"/>
				</notations>
			</note>
			<note>
				<pitch>
					<step>D</step>
					<octave>4</octave>
				</pitch>
				<duration>2</duration>
				<voice>1</voice>
				<type>16th</type>
				<stem>down</stem>
				<beam number="1">continue</beam>
				<beam number="2">end</beam>
			</note>
			<note>
				<pitch>
					<step>D</step>
					<octave>4</octave>
				</pitch>
				<duration>4</duration>
				<voice>1</voice>
				<type>eighth</type>
				<stem>down</stem>
				<beam number="1">end</beam>
				<lyric number="1">
					<syllabic>middle</syllabic>
					<text>mi</text>
				</lyric>
			</note>
			<note>
				<pitch>
					<step>C</step>
					<alter>1</alter>
					<octave>4</octave>
				</pitch>
				<duration>4</duration>
				<voice>1</voice>
				<type>eighth</type>
				<accidental editorial="yes">sharp</accidental>
				<stem>down</stem>
				<beam number="1">begin</beam>
			</note>
			<note>
				<pitch>
					<step>B</step>
					<octave>3</octave>
				</pitch>
				<duration>2</duration>
				<voice>1</voice>
				<type>16th</type>
				<accidental editorial="yes">natural</accidental>
				<stem>down</stem>
				<beam number="1">continue</beam>
				<beam number="2">begin</beam>
			</note>
			<note>
				<pitch>
					<step>C</step>
					<alter>1</alter>
					<octave>4</octave>
				</pitch>
				<duration>2</duration>
				<voice>1</voice>
				<type>16th</type>
				<stem>down</stem>
				<beam number="1">end</beam>
				<beam number="2">end</beam>
			</note>
		</measure>
		<measure number="8">
			<note>
				<pitch>
					<step>D</step>
					<octave>4</octave>
				</pitch>
				<duration>24</duration>
				<voice>1</voice>
				<type>half</type>
				<dot/>
				<stem>down</stem>
				<lyric number="1">
					<syllabic>end</syllabic>
					<text>num.</text>
				</lyric>
			</note>
			<barline location="right">
				<bar-style>light-light</bar-style>
			</barline>
		</measure>
		<measure number="9">
			<print new-system="yes"/>
			<note>
				<pitch>
					<step>D</step>
					<octave>4</octave>
				</pitch>
				<duration>8</duration>
				<voice>1</voice>
				<type>quarter</type>
				<stem>down</stem>
				<lyric number="1">
					<syllabic>single</syllabic>
					<text>Et</text>
				</lyric>
			</note>
			<note>
				<pitch>
					<step>C</step>
					<octave>4</octave>
				</pitch>
				<duration>4</duration>
				<voice>1</voice>
				<type>eighth</type>
				<stem>down</stem>
				<beam number="1">begin</beam>
			</note>
			<note>
				<pitch>
					<step>F</step>
					<octave>4</octave>
				</pitch>
				<duration>4</duration>
				<voice>1</voice>
				<type>eighth</type>
				<stem>down</stem>
				<beam number="1">continue</beam>
			</note>
			<note>
				<pitch>
					<step>E</step>
					<octave>4</octave>
				</pitch>
				<duration>4</duration>
				<voice>1</voice>
				<type>eighth</type>
				<stem>down</stem>
				<beam number="1">continue</beam>
			</note>
			<note>
				<pitch>
					<step>D</step>
					<octave>4</octave>
				</pitch>
				<duration>4</duration>
				<voice>1</voice>
				<type>eighth</type>
				<stem>down</stem>
				<beam number="1">end</beam>
			</note>
		</measure>
		<measure number="10">
			<note>
				<pitch>
					<step>F</step>
					<octave>4</octave>
				</pitch>
				<duration>8</duration>
				<voice>1</voice>
				<type>quarter</type>
				<stem>down</stem>
				<lyric number="1">
					<syllabic>begin</syllabic>
					<text>ex</text>
				</lyric>
			</note>
			<note>
				<pitch>
					<step>F</step>
					<octave>4</octave>
				</pitch>
				<duration>8</duration>
				<voice>1</voice>
				<type>quarter</type>
				<stem>down</stem>
				<lyric number="1">
					<syllabic>middle</syllabic>
					<text>ul</text>
				</lyric>
			</note>
			<note>
				<pitch>
					<step>F</step>
					<octave>4</octave>
				</pitch>
				<duration>8</duration>
				<voice>1</voice>
				<type>quarter</type>
				<stem>down</stem>
				<lyric number="1">
					<syllabic>middle</syllabic>
					<text>ta</text>
				</lyric>
			</note>
		</measure>
		<measure number="11">
			<direction placement="below">
				<direction-type>
					<bracket type="start" number="1" line-type="solid" line-end="up" relative-y="49"/>
				</direction-type>
			</direction>
			<note>
				<pitch>
					<step>F</step>
					<octave>4</octave>
				</pitch>
				<duration>8</duration>
				<voice>1</voice>
				<type>quarter</type>
				<stem>down</stem>
				<lyric number="1">
					<syllabic>end</syllabic>
					<text>vit</text>
				</lyric>
			</note>
			<note>
				<pitch>
					<step>E</step>
					<octave>4</octave>
				</pitch>
				<duration>8</duration>
				<voice>1</voice>
				<type>quarter</type>
				<stem>down</stem>
				<notations>
					<fermata type="upright"/>
				</notations>
			</note>
			<direction>
				<direction-type>
					<bracket type="stop" number="1" line-end="up"/>
				</direction-type>
				<offset>-6</offset>
			</direction>
			<note>
				<rest/>
				<duration>8</duration>
				<voice>1</voice>
				<type>quarter</type>
			</note>
		</measure>
		<measure number="12">
			<note>
				<pitch>
					<step>E</step>
					<octave>4</octave>
				</pitch>
				<duration>12</duration>
				<voice>1</voice>
				<type>quarter</type>
				<dot/>
				<stem>down</stem>
				<lyric number="1">
					<syllabic>begin</syllabic>
					<text>spi</text>
				</lyric>
			</note>
			<note>
				<pitch>
					<step>D</step>
					<octave>4</octave>
				</pitch>
				<duration>4</duration>
				<voice>1</voice>
				<type>eighth</type>
				<stem>down</stem>
			</note>
			<note>
				<pitch>
					<step>F</step>
					<octave>4</octave>
				</pitch>
				<duration>4</duration>
				<voice>1</voice>
				<type>eighth</type>
				<stem>down</stem>
				<beam number="1">begin</beam>
				<lyric number="1">
					<syllabic>middle</syllabic>
					<text>ri</text>
				</lyric>
			</note>
			<note>
				<pitch>
					<step>E</step>
					<octave>4</octave>
				</pitch>
				<duration>4</duration>
				<voice>1</voice>
				<type>eighth</type>
				<stem>down</stem>
				<beam number="1">end</beam>
			</note>
		</measure>
		<measure number="13">
			<note>
				<pitch>
					<step>C</step>
					<octave>4</octave>
				</pitch>
				<duration>4</duration>
				<voice>1</voice>
				<type>eighth</type>
				<stem>down</stem>
				<beam number="1">begin</beam>
			</note>
			<note>
				<pitch>
					<step>B</step>
					<alter>-1</alter>
					<octave>3</octave>
				</pitch>
				<duration>2</duration>
				<voice>1</voice>
				<type>16th</type>
				<stem>down</stem>
				<beam number="1">continue</beam>
				<beam number="2">begin</beam>
			</note>
			<note>
				<pitch>
					<step>C</step>
					<octave>4</octave>
				</pitch>
				<duration>2</duration>
				<voice>1</voice>
				<type>16th</type>
				<stem>down</stem>
				<beam number="1">end</beam>
				<beam number="2">end</beam>
			</note>
			<note>
				<pitch>
					<step>D</step>
					<octave>4</octave>
				</pitch>
				<duration>12</duration>
				<voice>1</voice>
				<type>quarter</type>
				<dot/>
				<stem>down</stem>
				<lyric number="1">
					<syllabic>end</syllabic>
					<text>tus</text>
				</lyric>
			</note>
			<note>
				<pitch>
					<step>C</step>
					<octave>4</octave>
				</pitch>
				<duration>4</duration>
				<voice>1</voice>
				<type>eighth</type>
				<stem>down</stem>
			</note>
		</measure>
		<measure number="14">
			<direction placement="above">
				<direction-type>
					<bracket type="start" number="1" line-type="solid" line-end="down"/>
				</direction-type>
			</direction>
			<note>
				<pitch>
					<step>A</step>
					<octave>3</octave>
				</pitch>
				<duration>8</duration>
				<voice>1</voice>
				<type>quarter</type>
				<stem>down</stem>
				<lyric number="1">
					<syllabic>begin</syllabic>
					<text>me</text>
				</lyric>
			</note>
			<note>
				<pitch>
					<step>B</step>
					<alter>-1</alter>
					<octave>3</octave>
				</pitch>
				<duration>12</duration>
				<voice>1</voice>
				<type>quarter</type>
				<dot/>
				<stem>down</stem>
			</note>
			<direction>
				<direction-type>
					<bracket type="stop" number="1" line-end="down"/>
				</direction-type>
				<offset>-6</offset>
			</direction>
			<note>
				<pitch>
					<step>A</step>
					<octave>3</octave>
				</pitch>
				<duration>4</duration>
				<voice>1</voice>
				<type>eighth</type>
				<stem>down</stem>
			</note>
		</measure>
		<measure number="15">
			<note>
				<pitch>
					<step>A</step>
					<octave>3</octave>
				</pitch>
				<duration>12</duration>
				<voice>1</voice>
				<type>quarter</type>
				<dot/>
				<stem>down</stem>
			</note>
			<note>
				<pitch>
					<step>G</step>
					<octave>3</octave>
				</pitch>
				<duration>4</duration>
				<voice>1</voice>
				<type>eighth</type>
				<stem>down</stem>
			</note>
			<note>
				<pitch>
					<step>G</step>
					<octave>3</octave>
				</pitch>
				<duration>4</duration>
				<voice>1</voice>
				<type>eighth</type>
				<stem>down</stem>
				<beam number="1">begin</beam>
			</note>
			<note>
				<pitch>
					<step>F</step>
					<octave>3</octave>
				</pitch>
				<duration>4</duration>
				<voice>1</voice>
				<type>eighth</type>
				<stem>down</stem>
				<beam number="1">end</beam>
			</note>
		</measure>
		<measure number="16">
			<note>
				<pitch>
					<step>A</step>
					<octave>3</octave>
				</pitch>
				<duration>16</duration>
				<voice>1</voice>
				<type>half</type>
				<stem>down</stem>
				<notations>
					<fermata type="upright"/>
				</notations>
				<lyric number="1">
					<syllabic>end</syllabic>
					<text>us</text>
				</lyric>
			</note>
			<note>
				<rest/>
				<duration>8</duration>
				<voice>1</voice>
				<type>quarter</type>
			</note>
		</measure>
		<measure number="17">
			<direction placement="above">
				<direction-type>
					<bracket type="start" number="1" line-type="solid" line-end="down" relative-y="15"/>
				</direction-type>
			</direction>
			<note>
				<pitch>
					<step>E</step>
					<octave>4</octave>
				</pitch>
				<duration>8</duration>
				<voice>1</voice>
				<type>quarter</type>
				<stem>down</stem>
				<lyric number="1">
					<syllabic>single</syllabic>
					<text>in</text>
				</lyric>
			</note>
			<note>
				<pitch>
					<step>F</step>
					<octave>4</octave>
				</pitch>
				<duration>12</duration>
				<voice>1</voice>
				<type>quarter</type>
				<dot/>
				<stem>down</stem>
			</note>
			<direction>
				<direction-type>
					<bracket type="stop" number="1" line-end="down"/>
				</direction-type>
				<offset>-7</offset>
			</direction>
			<note>
				<pitch>
					<step>D</step>
					<octave>4</octave>
				</pitch>
				<duration>4</duration>
				<voice>1</voice>
				<type>eighth</type>
				<stem>down</stem>
			</note>
		</measure>
	</part>
	<part id="P2">
		<measure number="1">
			<attributes>
				<divisions>8</divisions>
				<key>
					<fifths>-1</fifths>
				</key>
				<staves>0</staves>
				<instruments>2</instruments>
				<clef>
					<sign>F</sign>
					<line>4</line>
				</clef>
			</attributes>
			<note>
				<rest/>
				<duration>40</duration>
				<voice>1</voice>
			</note>
		</measure>
		<measure number="2">
			<attributes>
				<key>
					<fifths>-1</fifths>
				</key>
				<time>
					<beats>3</beats>
					<beat-type>4</beat-type>
				</time>
				<staves>1</staves>
				<clef>
					<sign>F</sign>
					<line>4</line>
				</clef>
			</attributes>
			<direction placement="above">
				<direction-type>
					<words relative-x="-48">(CT.)</words>
				</direction-type>
			</direction>
			<note>
				<rest/>
				<duration>8</duration>
				<instrument id="P2-I4"/>
				<voice>1</voice>
				<type>quarter</type>
			</note>
			<note>
				<rest/>
				<duration>8</duration>
				<instrument id="P2-I4"/>
				<voice>1</voice>
				<type>quarter</type>
			</note>
			<note>
				<pitch>
					<step>F</step>
					<octave>3</octave>
				</pitch>
				<duration>8</duration>
				<instrument id="P2-I4"/>
				<voice>1</voice>
				<type>quarter</type>
				<stem>down</stem>
				<lyric number="1">
					<syllabic>begin</syllabic>
					<text>A</text>
				</lyric>
			</note>
			<backup>
				<duration>24</duration>
			</backup>
			<note>
				<rest/>
				<duration>8</duration>
				<instrument id="P2-I3"/>
				<voice>2</voice>
				<type>quarter</type>
			</note>
			<note>
				<rest/>
				<duration>8</duration>
				<instrument id="P2-I3"/>
				<voice>2</voice>
				<type>quarter</type>
			</note>
			<note>
				<pitch>
					<step>F</step>
					<octave>3</octave>
				</pitch>
				<duration>8</duration>
				<instrument id="P2-I3"/>
				<voice>2</voice>
				<type>quarter</type>
				<stem>down</stem>
			</note>
		</measure>
		<measure number="3">
			<note>
				<pitch>
					<step>D</step>
					<octave>3</octave>
				</pitch>
				<duration>4</duration>
				<instrument id="P2-I4"/>
				<voice>1</voice>
				<type>eighth</type>
				<stem>up</stem>
				<beam number="1">begin</beam>
				<lyric number="1">
					<syllabic>middle</syllabic>
					<text>ni</text>
				</lyric>
			</note>
			<note>
				<pitch>
					<step>C</step>
					<octave>3</octave>
				</pitch>
				<duration>4</duration>
				<instrument id="P2-I4"/>
				<voice>1</voice>
				<type>eighth</type>
				<stem>up</stem>
				<beam number="1">end</beam>
			</note>
			<note>
				<pitch>
					<step>E</step>
					<octave>3</octave>
				</pitch>
				<duration>8</duration>
				<instrument id="P2-I4"/>
				<voice>1</voice>
				<type>quarter</type>
				<stem>down</stem>
				<lyric number="1">
					<syllabic>end</syllabic>
					<text>ma</text>
				</lyric>
			</note>
			<note>
				<pitch>
					<step>F</step>
					<octave>3</octave>
				</pitch>
				<duration>4</duration>
				<instrument id="P2-I4"/>
				<voice>1</voice>
				<type>eighth</type>
				<stem>down</stem>
				<beam number="1">begin</beam>
				<lyric number="1">
					<syllabic>begin</syllabic>
					<text>me</text>
				</lyric>
			</note>
			<note>
				<pitch>
					<step>G</step>
					<octave>3</octave>
				</pitch>
				<duration>4</duration>
				<instrument id="P2-I4"/>
				<voice>1</voice>
				<type>eighth</type>
				<stem>up</stem>
				<beam number="1">end</beam>
			</note>
			<backup>
				<duration>24</duration>
			</backup>
			<note>
				<pitch>
					<step>D</step>
					<octave>3</octave>
				</pitch>
				<duration>4</duration>
				<instrument id="P2-I3"/>
				<voice>2</voice>
				<type>eighth</type>
				<stem>up</stem>
				<beam number="1">begin</beam>
			</note>
			<note>
				<pitch>
					<step>C</step>
					<octave>3</octave>
				</pitch>
				<duration>4</duration>
				<instrument id="P2-I3"/>
				<voice>2</voice>
				<type>eighth</type>
				<stem>down</stem>
				<beam number="1">end</beam>
			</note>
			<note>
				<pitch>
					<step>E</step>
					<octave>3</octave>
				</pitch>
				<duration>8</duration>
				<instrument id="P2-I3"/>
				<voice>2</voice>
				<type>quarter</type>
				<stem>down</stem>
			</note>
			<note>
				<pitch>
					<step>F</step>
					<octave>3</octave>
				</pitch>
				<duration>4</duration>
				<instrument id="P2-I3"/>
				<voice>2</voice>
				<type>eighth</type>
				<stem>down</stem>
				<beam number="1">begin</beam>
			</note>
			<note>
				<pitch>
					<step>G</step>
					<octave>3</octave>
				</pitch>
				<duration>4</duration>
				<instrument id="P2-I3"/>
				<voice>2</voice>
				<type>eighth</type>
				<stem>down</stem>
				<beam number="1">end</beam>
			</note>
		</measure>
		<measure number="4">
			<note>
				<pitch>
					<step>A</step>
					<octave>3</octave>
				</pitch>
				<duration>8</duration>
				<instrument id="P2-I4"/>
				<voice>1</voice>
				<type>quarter</type>
				<stem>down</stem>
			</note>
			<note>
				<pitch>
					<step>F</step>
					<octave>3</octave>
				</pitch>
				<duration>4</duration>
				<instrument id="P2-I4"/>
				<voice>1</voice>
				<type>eighth</type>
				<stem>down</stem>
				<lyric number="1">
					<syllabic>end</syllabic>
					<text>a</text>
				</lyric>
			</note>
			<note>
				<pitch>
					<step>A</step>
					<octave>3</octave>
				</pitch>
				<duration>8</duration>
				<instrument id="P2-I4"/>
				<voice>1</voice>
				<type>quarter</type>
				<stem>down</stem>
				<lyric number="1">
					<syllabic>begin</syllabic>
					<text>do</text>
				</lyric>
			</note>
			<note>
				<pitch>
					<step>F</step>
					<octave>3</octave>
				</pitch>
				<duration>4</duration>
				<instrument id="P2-I4"/>
				<voice>1</voice>
				<type>eighth</type>
				<stem>down</stem>
			</note>
			<backup>
				<duration>24</duration>
			</backup>
			<note>
				<pitch>
					<step>A</step>
					<octave>3</octave>
				</pitch>
				<duration>8</duration>
				<instrument id="P2-I3"/>
				<voice>2</voice>
				<type>quarter</type>
				<stem>down</stem>
			</note>
			<note>
				<pitch>
					<step>F</step>
					<octave>3</octave>
				</pitch>
				<duration>4</duration>
				<instrument id="P2-I3"/>
				<voice>2</voice>
				<type>eighth</type>
				<stem>down</stem>
			</note>
			<note>
				<pitch>
					<step>A</step>
					<octave>3</octave>
				</pitch>
				<duration>8</duration>
				<instrument id="P2-I3"/>
				<voice>2</voice>
				<type>quarter</type>
				<stem>down</stem>
			</note>
			<note>
				<pitch>
					<step>F</step>
					<octave>3</octave>
				</pitch>
				<duration>4</duration>
				<instrument id="P2-I3"/>
				<voice>2</voice>
				<type>eighth</type>
				<stem>down</stem>
			</note>
		</measure>
		<measure number="5">
			<note>
				<pitch>
					<step>C</step>
					<octave>4</octave>
				</pitch>
				<duration>4</duration>
				<instrument id="P2-I4"/>
				<voice>1</voice>
				<type>eighth</type>
				<stem>down</stem>
				<beam number="1">begin</beam>
			</note>
			<note>
				<pitch>
					<step>A</step>
					<octave>3</octave>
				</pitch>
				<duration>4</duration>
				<instrument id="P2-I4"/>
				<voice>1</voice>
				<type>eighth</type>
				<stem>up</stem>
				<beam number="1">end</beam>
			</note>
			<note>
				<pitch>
					<step>F</step>
					<octave>3</octave>
				</pitch>
				<duration>8</duration>
				<instrument id="P2-I4"/>
				<voice>1</voice>
				<type>quarter</type>
				<stem>down</stem>
			</note>
			<note>
				<rest/>
				<duration>4</duration>
				<instrument id="P2-I4"/>
				<voice>1</voice>
				<type>eighth</type>
			</note>
			<note>
				<pitch>
					<step>B</step>
					<alter>-1</alter>
					<octave>3</octave>
				</pitch>
				<duration>4</duration>
				<instrument id="P2-I4"/>
				<voice>1</voice>
				<type>eighth</type>
				<stem>down</stem>
			</note>
			<backup>
				<duration>24</duration>
			</backup>
			<note>
				<pitch>
					<step>C</step>
					<octave>4</octave>
				</pitch>
				<duration>4</duration>
				<instrument id="P2-I3"/>
				<voice>2</voice>
				<type>eighth</type>
				<stem>down</stem>
				<beam number="1">begin</beam>
			</note>
			<note>
				<pitch>
					<step>A</step>
					<octave>3</octave>
				</pitch>
				<duration>4</duration>
				<instrument id="P2-I3"/>
				<voice>2</voice>
				<type>eighth</type>
				<stem>down</stem>
				<beam number="1">end</beam>
			</note>
			<note>
				<pitch>
					<step>F</step>
					<octave>3</octave>
				</pitch>
				<duration>8</duration>
				<instrument id="P2-I3"/>
				<voice>2</voice>
				<type>quarter</type>
				<stem>down</stem>
			</note>
			<note>
				<rest/>
				<duration>4</duration>
				<instrument id="P2-I3"/>
				<voice>2</voice>
				<type>eighth</type>
			</note>
			<note>
				<pitch>
					<step>B</step>
					<alter>-1</alter>
					<octave>3</octave>
				</pitch>
				<duration>4</duration>
				<instrument id="P2-I3"/>
				<voice>2</voice>
				<type>eighth</type>
				<stem>down</stem>
			</note>
		</measure>
		<measure number="6">
			<note>
				<pitch>
					<step>A</step>
					<octave>3</octave>
				</pitch>
				<duration>4</duration>
				<instrument id="P2-I4"/>
				<voice>1</voice>
				<type>eighth</type>
				<stem>down</stem>
			</note>
			<note>
				<pitch>
					<step>C</step>
					<octave>4</octave>
				</pitch>
				<duration>8</duration>
				<instrument id="P2-I4"/>
				<voice>1</voice>
				<type>quarter</type>
				<stem>down</stem>
			</note>
			<note>
				<pitch>
					<step>A</step>
					<octave>3</octave>
				</pitch>
				<duration>4</duration>
				<instrument id="P2-I4"/>
				<voice>1</voice>
				<type>eighth</type>
				<stem>down</stem>
			</note>
			<note>
				<pitch>
					<step>G</step>
					<octave>3</octave>
				</pitch>
				<duration>8</duration>
				<instrument id="P2-I4"/>
				<voice>1</voice>
				<type>quarter</type>
				<stem>down</stem>
			</note>
			<backup>
				<duration>24</duration>
			</backup>
			<note>
				<pitch>
					<step>A</step>
					<octave>3</octave>
				</pitch>
				<duration>4</duration>
				<instrument id="P2-I3"/>
				<voice>2</voice>
				<type>eighth</type>
				<stem>down</stem>
			</note>
			<note>
				<pitch>
					<step>C</step>
					<octave>4</octave>
				</pitch>
				<duration>8</duration>
				<instrument id="P2-I3"/>
				<voice>2</voice>
				<type>quarter</type>
				<stem>down</stem>
			</note>
			<note>
				<pitch>
					<step>A</step>
					<octave>3</octave>
				</pitch>
				<duration>4</duration>
				<instrument id="P2-I3"/>
				<voice>2</voice>
				<type>eighth</type>
				<stem>down</stem>
			</note>
			<note>
				<pitch>
					<step>G</step>
					<octave>3</octave>
				</pitch>
				<duration>8</duration>
				<instrument id="P2-I3"/>
				<voice>2</voice>
				<type>quarter</type>
				<stem>down</stem>
			</note>
		</measure>
		<measure number="7">
			<note>
				<pitch>
					<step>F</step>
					<octave>3</octave>
				</pitch>
				<duration>4</duration>
				<instrument id="P2-I4"/>
				<voice>1</voice>
				<type>eighth</type>
				<stem>down</stem>
				<beam number="1">begin</beam>
			</note>
			<note>
				<pitch>
					<step>C</step>
					<octave>3</octave>
				</pitch>
				<duration>4</duration>
				<instrument id="P2-I4"/>
				<voice>1</voice>
				<type>eighth</type>
				<stem>up</stem>
				<beam number="1">continue</beam>
				<lyric number="1">
					<syllabic>middle</syllabic>
					<text>mi</text>
				</lyric>
			</note>
			<note>
				<pitch>
					<step>D</step>
					<octave>3</octave>
				</pitch>
				<duration>4</duration>
				<instrument id="P2-I4"/>
				<voice>1</voice>
				<type>eighth</type>
				<stem>up</stem>
				<beam number="1">continue</beam>
			</note>
			<note>
				<pitch>
					<step>F</step>
					<octave>3</octave>
				</pitch>
				<duration>4</duration>
				<instrument id="P2-I4"/>
				<voice>1</voice>
				<type>eighth</type>
				<stem>up</stem>
				<beam number="1">end</beam>
			</note>
			<note>
				<pitch>
					<step>E</step>
					<octave>3</octave>
				</pitch>
				<duration>8</duration>
				<instrument id="P2-I4"/>
				<voice>1</voice>
				<type>quarter</type>
				<stem>down</stem>
			</note>
			<backup>
				<duration>24</duration>
			</backup>
			<note>
				<pitch>
					<step>F</step>
					<octave>3</octave>
				</pitch>
				<duration>4</duration>
				<instrument id="P2-I3"/>
				<voice>2</voice>
				<type>eighth</type>
				<stem>down</stem>
				<beam number="1">begin</beam>
			</note>
			<note>
				<pitch>
					<step>C</step>
					<octave>3</octave>
				</pitch>
				<duration>4</duration>
				<instrument id="P2-I3"/>
				<voice>2</voice>
				<type>eighth</type>
				<stem>down</stem>
				<beam number="1">continue</beam>
			</note>
			<note>
				<pitch>
					<step>D</step>
					<octave>3</octave>
				</pitch>
				<duration>4</duration>
				<instrument id="P2-I3"/>
				<voice>2</voice>
				<type>eighth</type>
				<stem>down</stem>
				<beam number="1">continue</beam>
			</note>
			<note>
				<pitch>
					<step>F</step>
					<octave>3</octave>
				</pitch>
				<duration>4</duration>
				<instrument id="P2-I3"/>
				<voice>2</voice>
				<type>eighth</type>
				<stem>down</stem>
				<beam number="1">end</beam>
			</note>
			<note>
				<pitch>
					<step>E</step>
					<octave>3</octave>
				</pitch>
				<duration>8</duration>
				<instrument id="P2-I3"/>
				<voice>2</voice>
				<type>quarter</type>
				<stem>down</stem>
			</note>
		</measure>
		<measure number="8">
			<note>
				<pitch>
					<step>D</step>
					<octave>3</octave>
				</pitch>
				<duration>24</duration>
				<instrument id="P2-I4"/>
				<voice>1</voice>
				<type>half</type>
				<dot/>
				<stem>down</stem>
				<lyric number="1">
					<syllabic>end</syllabic>
					<text>num.</text>
				</lyric>
			</note>
			<backup>
				<duration>24</duration>
			</backup>
			<note>
				<pitch>
					<step>D</step>
					<octave>3</octave>
				</pitch>
				<duration>24</duration>
				<instrument id="P2-I3"/>
				<voice>2</voice>
				<type>half</type>
				<dot/>
				<stem>down</stem>
			</note>
			<barline location="right">
				<bar-style>light-light</bar-style>
			</barline>
		</measure>
		<measure number="9">
			<print new-system="yes"/>
			<direction placement="below">
				<direction-type>
					<words relative-y="5" relative-x="-6">T.(instr.)</words>
				</direction-type>
			</direction>
			<direction placement="above">
				<direction-type>
					<words relative-y="13">CT.(instr.)</words>
				</direction-type>
			</direction>
			<note>
				<pitch>
					<step>A</step>
					<octave>3</octave>
				</pitch>
				<duration>12</duration>
				<instrument id="P2-I4"/>
				<voice>1</voice>
				<type>quarter</type>
				<dot/>
				<stem>up</stem>
			</note>
			<note relative-x="1">
				<pitch>
					<step>F</step>
					<octave>3</octave>
				</pitch>
				<duration>4</duration>
				<instrument id="P2-I4"/>
				<voice>1</voice>
				<type>eighth</type>
				<stem>up</stem>
			</note>
			<note>
				<pitch>
					<step>B</step>
					<alter>-1</alter>
					<octave>3</octave>
				</pitch>
				<duration>8</duration>
				<instrument id="P2-I4"/>
				<voice>1</voice>
				<type>quarter</type>
				<stem>up</stem>
			</note>
			<backup>
				<duration>24</duration>
			</backup>
			<note>
				<pitch>
					<step>D</step>
					<octave>3</octave>
				</pitch>
				<duration>8</duration>
				<instrument id="P2-I3"/>
				<voice>2</voice>
				<type>quarter</type>
				<stem>down</stem>
			</note>
			<note>
				<pitch>
					<step>F</step>
					<octave>3</octave>
				</pitch>
				<duration>4</duration>
				<instrument id="P2-I3"/>
				<voice>2</voice>
				<type>eighth</type>
				<stem>down</stem>
				<beam number="1">begin</beam>
			</note>
			<note relative-x="-1">
				<pitch>
					<step>A</step>
					<octave>3</octave>
				</pitch>
				<duration>4</duration>
				<instrument id="P2-I3"/>
				<voice>2</voice>
				<type>eighth</type>
				<stem>down</stem>
				<beam number="1">end</beam>
			</note>
			<note>
				<pitch>
					<step>G</step>
					<octave>3</octave>
				</pitch>
				<duration>8</duration>
				<instrument id="P2-I3"/>
				<voice>2</voice>
				<type>quarter</type>
				<stem>down</stem>
			</note>
		</measure>
		<measure number="10">
			<note>
				<pitch>
					<step>C</step>
					<octave>4</octave>
				</pitch>
				<duration>8</duration>
				<instrument id="P2-I4"/>
				<voice>1</voice>
				<type>quarter</type>
				<stem>up</stem>
			</note>
			<note>
				<pitch>
					<step>A</step>
					<octave>3</octave>
				</pitch>
				<duration>4</duration>
				<instrument id="P2-I4"/>
				<voice>1</voice>
				<type>eighth</type>
				<stem>up</stem>
				<beam number="1">begin</beam>
			</note>
			<note>
				<pitch>
					<step>G</step>
					<octave>3</octave>
				</pitch>
				<duration>4</duration>
				<instrument id="P2-I4"/>
				<voice>1</voice>
				<type>eighth</type>
				<stem>up</stem>
				<beam number="1">end</beam>
			</note>
			<note>
				<pitch>
					<step>B</step>
					<alter>-1</alter>
					<octave>3</octave>
				</pitch>
				<duration>8</duration>
				<instrument id="P2-I4"/>
				<voice>1</voice>
				<type>quarter</type>
				<stem>up</stem>
			</note>
			<backup>
				<duration>24</duration>
			</backup>
			<note>
				<pitch>
					<step>F</step>
					<octave>3</octave>
				</pitch>
				<duration>8</duration>
				<instrument id="P2-I3"/>
				<voice>2</voice>
				<type>quarter</type>
				<stem>down</stem>
			</note>
			<note>
				<pitch>
					<step>F</step>
					<octave>3</octave>
				</pitch>
				<duration>4</duration>
				<instrument id="P2-I3"/>
				<voice>2</voice>
				<type>eighth</type>
				<stem>down</stem>
				<beam number="1">begin</beam>
			</note>
			<note relative-x="12">
				<pitch>
					<step>F</step>
					<octave>3</octave>
				</pitch>
				<duration>4</duration>
				<instrument id="P2-I3"/>
				<voice>2</voice>
				<type>eighth</type>
				<stem>down</stem>
				<beam number="1">end</beam>
			</note>
			<note>
				<pitch>
					<step>D</step>
					<octave>3</octave>
				</pitch>
				<duration>8</duration>
				<instrument id="P2-I3"/>
				<voice>2</voice>
				<type>quarter</type>
				<stem>down</stem>
			</note>
		</measure>
		<measure number="11">
			<note>
				<pitch>
					<step>B</step>
					<alter>-1</alter>
					<octave>3</octave>
				</pitch>
				<duration>8</duration>
				<instrument id="P2-I4"/>
				<voice>1</voice>
				<type>quarter</type>
				<stem>up</stem>
			</note>
			<note>
				<pitch>
					<step>C</step>
					<octave>4</octave>
				</pitch>
				<duration>4</duration>
				<instrument id="P2-I4"/>
				<voice>1</voice>
				<type>eighth</type>
				<stem>up</stem>
				<beam number="1">begin</beam>
			</note>
			<note>
				<pitch>
					<step>B</step>
					<alter>-1</alter>
					<octave>3</octave>
				</pitch>
				<duration>4</duration>
				<instrument id="P2-I4"/>
				<voice>1</voice>
				<type>eighth</type>
				<stem>up</stem>
				<beam number="1">end</beam>
			</note>
			<note>
				<pitch>
					<step>G</step>
					<octave>3</octave>
				</pitch>
				<duration>8</duration>
				<instrument id="P2-I4"/>
				<voice>1</voice>
				<type>quarter</type>
				<stem>up</stem>
				<notations>
					<fermata type="upright"/>
				</notations>
			</note>
			<backup>
				<duration>24</duration>
			</backup>
			<note>
				<pitch>
					<step>D</step>
					<octave>3</octave>
				</pitch>
				<duration>8</duration>
				<instrument id="P2-I3"/>
				<voice>2</voice>
				<type>quarter</type>
				<stem>down</stem>
			</note>
			<note>
				<pitch>
					<step>C</step>
					<octave>3</octave>
				</pitch>
				<duration>16</duration>
				<instrument id="P2-I3"/>
				<voice>2</voice>
				<type>half</type>
				<stem>down</stem>
				<notations>
					<fermata type="inverted"/>
				</notations>
			</note>
		</measure>
		<measure number="12">
			<note relative-x="3">
				<pitch>
					<step>C</step>
					<octave>3</octave>
				</pitch>
				<duration>16</duration>
				<instrument id="P2-I4"/>
				<voice>1</voice>
				<type>half</type>
				<stem>up</stem>
			</note>
			<note relative-x="3">
				<pitch>
					<step>B</step>
					<alter>-1</alter>
					<octave>2</octave>
				</pitch>
				<duration>8</duration>
				<instrument id="P2-I4"/>
				<voice>1</voice>
				<type>quarter</type>
				<stem>up</stem>
			</note>
			<backup>
				<duration>24</duration>
			</backup>
			<note>
				<pitch>
					<step>G</step>
					<octave>3</octave>
				</pitch>
				<duration>12</duration>
				<instrument id="P2-I3"/>
				<voice>2</voice>
				<type>quarter</type>
				<dot/>
				<stem>down</stem>
			</note>
			<note>
				<pitch>
					<step>F</step>
					<octave>3</octave>
				</pitch>
				<duration>4</duration>
				<instrument id="P2-I3"/>
				<voice>2</voice>
				<type>eighth</type>
				<stem>down</stem>
			</note>
			<note>
				<pitch>
					<step>D</step>
					<octave>3</octave>
				</pitch>
				<duration>8</duration>
				<instrument id="P2-I3"/>
				<voice>2</voice>
				<type>quarter</type>
				<stem>down</stem>
			</note>
		</measure>
		<measure number="13">
			<direction placement="above">
				<direction-type>
					<bracket type="start" number="1" line-type="solid" line-end="down" relative-y="-6"/>
				</direction-type>
			</direction>
			<direction placement="below">
				<direction-type>
					<bracket type="start" number="2" line-type="solid" line-end="up" relative-y="23"/>
				</direction-type>
			</direction>
			<note relative-x="2">
				<pitch>
					<step>A</step>
					<octave>2</octave>
				</pitch>
				<duration>8</duration>
				<instrument id="P2-I4"/>
				<voice>1</voice>
				<type>quarter</type>
				<stem>up</stem>
			</note>
			<note>
				<pitch>
					<step>A</step>
					<octave>3</octave>
				</pitch>
				<duration>12</duration>
				<instrument id="P2-I4"/>
				<voice>1</voice>
				<type>quarter</type>
				<dot/>
				<stem>up</stem>
			</note>
			<direction>
				<direction-type>
					<bracket type="stop" number="2" line-end="up"/>
				</direction-type>
				<offset>-10</offset>
			</direction>
			<direction>
				<direction-type>
					<bracket type="stop" number="1" line-end="down"/>
				</direction-type>
				<offset>-6</offset>
			</direction>
			<note>
				<pitch>
					<step>F</step>
					<octave>3</octave>
				</pitch>
				<duration>4</duration>
				<instrument id="P2-I4"/>
				<voice>1</voice>
				<type>eighth</type>
				<stem>up</stem>
			</note>
			<backup>
				<duration>24</duration>
			</backup>
			<note>
				<pitch>
					<step>E</step>
					<octave>3</octave>
				</pitch>
				<duration>8</duration>
				<instrument id="P2-I3"/>
				<voice>2</voice>
				<type>quarter</type>
				<stem>down</stem>
			</note>
			<note>
				<pitch>
					<step>D</step>
					<octave>3</octave>
				</pitch>
				<duration>16</duration>
				<instrument id="P2-I3"/>
				<voice>2</voice>
				<type>half</type>
				<stem>down</stem>
			</note>
		</measure>
		<measure number="14">
			<direction placement="below">
				<direction-type>
					<bracket type="start" number="1" line-type="solid" line-end="up" relative-y="14"/>
				</direction-type>
			</direction>
			<note>
				<pitch>
					<step>F</step>
					<octave>3</octave>
				</pitch>
				<duration>8</duration>
				<instrument id="P2-I4"/>
				<voice>1</voice>
				<type>quarter</type>
				<stem>up</stem>
			</note>
			<note>
				<rest/>
				<duration>8</duration>
				<instrument id="P2-I4"/>
				<voice>1</voice>
				<type>quarter</type>
			</note>
			<note>
				<pitch>
					<step>E</step>
					<octave>3</octave>
				</pitch>
				<duration>4</duration>
				<instrument id="P2-I4"/>
				<voice>1</voice>
				<type>eighth</type>
				<stem>up</stem>
				<beam number="1">begin</beam>
			</note>
			<note>
				<pitch>
					<step>E</step>
					<octave>3</octave>
				</pitch>
				<duration>4</duration>
				<tie type="start"/>
				<instrument id="P2-I4"/>
				<voice>1</voice>
				<type>eighth</type>
				<stem>up</stem>
				<beam number="1">end</beam>
				<notations>
					<tied type="start"/>
				</notations>
			</note>
			<backup>
				<duration>24</duration>
			</backup>
			<note>
				<pitch>
					<step>D</step>
					<octave>3</octave>
				</pitch>
				<duration>16</duration>
				<instrument id="P2-I3"/>
				<voice>2</voice>
				<type>half</type>
				<stem>down</stem>
			</note>
			<note>
				<pitch>
					<step>C</step>
					<octave>3</octave>
				</pitch>
				<duration>8</duration>
				<tie type="start"/>
				<instrument id="P2-I3"/>
				<voice>2</voice>
				<type>quarter</type>
				<stem>down</stem>
				<notations>
					<tied type="start"/>
				</notations>
			</note>
		</measure>
		<measure number="15">
			<note>
				<pitch>
					<step>E</step>
					<octave>3</octave>
				</pitch>
				<duration>4</duration>
				<tie type="stop"/>
				<instrument id="P2-I4"/>
				<voice>1</voice>
				<type>eighth</type>
				<stem>up</stem>
				<beam number="1">begin</beam>
				<notations>
					<tied type="stop"/>
				</notations>
			</note>
			<note>
				<pitch>
					<step>F</step>
					<octave>3</octave>
				</pitch>
				<duration>4</duration>
				<instrument id="P2-I4"/>
				<voice>1</voice>
				<type>eighth</type>
				<stem>up</stem>
				<beam number="1">end</beam>
			</note>
			<note>
				<pitch>
					<step>D</step>
					<octave>3</octave>
				</pitch>
				<duration>4</duration>
				<instrument id="P2-I4"/>
				<voice>1</voice>
				<type>eighth</type>
				<stem>up</stem>
			</note>
			<direction>
				<direction-type>
					<bracket type="stop" number="1" line-end="up"/>
				</direction-type>
				<offset>-3</offset>
			</direction>
			<note>
				<pitch>
					<step>D</step>
					<octave>3</octave>
				</pitch>
				<duration>8</duration>
				<instrument id="P2-I4"/>
				<voice>1</voice>
				<type>quarter</type>
				<stem>up</stem>
			</note>
			<note>
				<pitch>
					<step>C</step>
					<octave>3</octave>
				</pitch>
				<duration>4</duration>
				<instrument id="P2-I4"/>
				<voice>1</voice>
				<type>eighth</type>
				<stem>up</stem>
			</note>
			<backup>
				<duration>24</duration>
			</backup>
			<note>
				<pitch>
					<step>C</step>
					<octave>3</octave>
				</pitch>
				<duration>8</duration>
				<tie type="stop"/>
				<instrument id="P2-I3"/>
				<voice>2</voice>
				<type>quarter</type>
				<stem>down</stem>
				<notations>
					<tied type="stop"/>
				</notations>
			</note>
			<note>
				<pitch>
					<step>B</step>
					<alter>-1</alter>
					<octave>2</octave>
				</pitch>
				<duration>16</duration>
				<instrument id="P2-I3"/>
				<voice>2</voice>
				<type>half</type>
				<stem>down</stem>
			</note>
		</measure>
		<measure number="16">
			<note>
				<pitch>
					<step>E</step>
					<octave>3</octave>
				</pitch>
				<duration>16</duration>
				<instrument id="P2-I4"/>
				<voice>1</voice>
				<type>half</type>
				<stem>up</stem>
				<notations>
					<fermata type="upright"/>
				</notations>
			</note>
			<note>
				<rest/>
				<duration>8</duration>
				<instrument id="P2-I4"/>
				<voice>1</voice>
				<type>quarter</type>
			</note>
			<backup>
				<duration>24</duration>
			</backup>
			<note>
				<pitch>
					<step>A</step>
					<octave>2</octave>
				</pitch>
				<duration>16</duration>
				<instrument id="P2-I3"/>
				<voice>2</voice>
				<type>half</type>
				<stem>down</stem>
				<notations>
					<fermata type="inverted"/>
				</notations>
			</note>
			<note>
				<rest/>
				<duration>8</duration>
				<instrument id="P2-I3"/>
				<voice>2</voice>
				<type>quarter</type>
			</note>
		</measure>
		<measure number="17">
			<direction placement="above">
				<direction-type>
					<bracket type="start" number="1" line-type="solid" line-end="down"/>
				</direction-type>
			</direction>
			<note relative-x="4">
				<pitch>
					<step>A</step>
					<octave>2</octave>
				</pitch>
				<duration>8</duration>
				<instrument id="P2-I4"/>
				<voice>1</voice>
				<type>quarter</type>
				<stem>up</stem>
			</note>
			<note>
				<pitch>
					<step>A</step>
					<octave>3</octave>
				</pitch>
				<duration>12</duration>
				<instrument id="P2-I4"/>
				<voice>1</voice>
				<type>quarter</type>
				<dot/>
				<stem>up</stem>
			</note>
			<direction>
				<direction-type>
					<bracket type="stop" number="1" line-end="down"/>
				</direction-type>
				<offset>-5</offset>
			</direction>
			<note>
				<pitch>
					<step>F</step>
					<octave>3</octave>
				</pitch>
				<duration>4</duration>
				<instrument id="P2-I4"/>
				<voice>1</voice>
				<type>eighth</type>
				<stem>up</stem>
			</note>
			<backup>
				<duration>24</duration>
			</backup>
			<note>
				<pitch>
					<step>C</step>
					<octave>3</octave>
				</pitch>
				<duration>8</duration>
				<instrument id="P2-I3"/>
				<voice>2</voice>
				<type>quarter</type>
				<stem>down</stem>
			</note>
			<note>
				<pitch>
					<step>D</step>
					<octave>3</octave>
				</pitch>
				<duration>16</duration>
				<instrument id="P2-I3"/>
				<voice>2</voice>
				<type>half</type>
				<stem>down</stem>
			</note>
		</measure>
	</part>
</score-partwise>
