<?xml version="1.0" standalone="no"?>
<!DOCTYPE score-partwise PUBLIC "-//Recordare//DTD MusicXML 1.0 Partwise//EN" "http://www.musicxml.org/dtds/partwise.dtd">
<score-partwise>
	<movement-title>Quem queritis</movement-title>
	<identification>
		<rights>Copyright © 2003 Recordare LLC</rights>
		<encoding>
			<software>Finale 2003 for Windows</software>
			<software>Dolet for Finale 1.3</software>
			<encoding-date>2003-03-15</encoding-date>
		</encoding>
	</identification>
	<part-list>
		<score-part id="P1">
			<part-name>Voice</part-name>
		</score-part>
	</part-list>
	<part id="P1">
		<measure number="1">
			<attributes>
				<divisions>2</divisions>
				<clef>
					<sign>G</sign>
					<line>2</line>
				</clef>
			</attributes>
			<direction placement="above">
				<direction-type>
					<words xml:lang="la" relative-y="5" relative-x="-5">Angelus dicit:</words>
				</direction-type>
			</direction>
			<note>
				<pitch>
					<step>G</step>
					<octave>4</octave>
				</pitch>
				<duration>2</duration>
				<voice>1</voice>
				<type>quarter</type>
				<stem>up</stem>
				<notations>
					<slur type="start" number="1"/>
				</notations>
				<lyric number="1">
					<syllabic>single</syllabic>
					<text>Quem</text>
				</lyric>
			</note>
			<note>
				<pitch>
					<step>F</step>
					<octave>4</octave>
				</pitch>
				<duration>2</duration>
				<voice>1</voice>
				<type>quarter</type>
				<stem>up</stem>
				<notations>
					<slur type="stop" number="1"/>
				</notations>
			</note>
			<note>
				<pitch>
					<step>D</step>
					<octave>4</octave>
				</pitch>
				<duration>2</duration>
				<voice>1</voice>
				<type>quarter</type>
				<stem>up</stem>
				<notations>
					<slur type="start" number="1"/>
				</notations>
				<lyric number="1">
					<syllabic>begin</syllabic>
					<text>que</text>
				</lyric>
			</note>
			<note>
				<pitch>
					<step>F</step>
					<octave>4</octave>
				</pitch>
				<duration>2</duration>
				<voice>1</voice>
				<type>quarter</type>
				<stem>up</stem>
			</note>
			<note>
				<pitch>
					<step>E</step>
					<octave>4</octave>
				</pitch>
				<duration>2</duration>
				<voice>1</voice>
				<type>quarter</type>
				<stem>up</stem>
				<notations>
					<slur type="stop" number="1"/>
				</notations>
			</note>
			<note>
				<pitch>
					<step>F</step>
					<octave>4</octave>
				</pitch>
				<duration>2</duration>
				<voice>1</voice>
				<type>quarter</type>
				<stem>up</stem>
				<notations>
					<slur type="start" number="1"/>
				</notations>
				<lyric number="1">
					<syllabic>middle</syllabic>
					<text>ri</text>
				</lyric>
			</note>
			<note>
				<pitch>
					<step>G</step>
					<octave>4</octave>
				</pitch>
				<duration>2</duration>
				<voice>1</voice>
				<type>quarter</type>
				<stem>up</stem>
			</note>
			<note>
				<pitch>
					<step>F</step>
					<octave>4</octave>
				</pitch>
				<duration>2</duration>
				<voice>1</voice>
				<type>quarter</type>
				<stem>up</stem>
				<notations>
					<slur type="stop" number="1"/>
				</notations>
			</note>
			<note>
				<pitch>
					<step>G</step>
					<octave>4</octave>
				</pitch>
				<duration>2</duration>
				<voice>1</voice>
				<type>quarter</type>
				<stem>up</stem>
				<lyric number="1">
					<syllabic>end</syllabic>
					<text>tis</text>
				</lyric>
			</note>
			<note>
				<pitch>
					<step>F</step>
					<octave>4</octave>
				</pitch>
				<duration>2</duration>
				<voice>1</voice>
				<type>quarter</type>
				<stem>up</stem>
				<lyric number="1">
					<syllabic>single</syllabic>
					<text>in</text>
				</lyric>
			</note>
			<note>
				<pitch>
					<step>A</step>
					<octave>4</octave>
				</pitch>
				<duration>2</duration>
				<voice>1</voice>
				<type>quarter</type>
				<stem>up</stem>
				<lyric number="1">
					<syllabic>begin</syllabic>
					<text>se</text>
				</lyric>
			</note>
			<note>
				<pitch>
					<step>A</step>
					<octave>4</octave>
				</pitch>
				<duration>2</duration>
				<voice>1</voice>
				<type>quarter</type>
				<stem>up</stem>
				<notations>
					<slur type="start" number="1"/>
				</notations>
				<lyric number="1">
					<syllabic>middle</syllabic>
					<text>pul</text>
				</lyric>
			</note>
			<note>
				<pitch>
					<step>C</step>
					<octave>5</octave>
				</pitch>
				<duration>2</duration>
				<voice>1</voice>
				<type>quarter</type>
				<stem>down</stem>
			</note>
			<note>
				<pitch>
					<step>B</step>
					<octave>4</octave>
				</pitch>
				<duration>2</duration>
				<voice>1</voice>
				<type>quarter</type>
				<stem>down</stem>
			</note>
			<note>
				<pitch>
					<step>A</step>
					<octave>4</octave>
				</pitch>
				<duration>2</duration>
				<voice>1</voice>
				<type>quarter</type>
				<stem>up</stem>
				<notations>
					<slur type="stop" number="1"/>
				</notations>
			</note>
			<note>
				<pitch>
					<step>C</step>
					<octave>5</octave>
				</pitch>
				<duration>2</duration>
				<voice>1</voice>
				<type>quarter</type>
				<stem>down</stem>
				<notations>
					<slur type="start" number="1"/>
				</notations>
				<lyric number="1">
					<syllabic>end</syllabic>
					<text>chro,</text>
					<extend/>
				</lyric>
			</note>
			<note>
				<pitch>
					<step>G</step>
					<octave>4</octave>
				</pitch>
				<duration>2</duration>
				<voice>1</voice>
				<type>quarter</type>
				<stem>up</stem>
			</note>
			<note>
				<pitch>
					<step>A</step>
					<octave>4</octave>
				</pitch>
				<duration>2</duration>
				<voice>1</voice>
				<type>quarter</type>
				<stem>up</stem>
			</note>
			<note>
				<pitch>
					<step>G</step>
					<octave>4</octave>
				</pitch>
				<duration>2</duration>
				<voice>1</voice>
				<type>quarter</type>
				<stem>up</stem>
				<notations>
					<slur type="stop" number="1"/>
				</notations>
			</note>
			<direction placement="below">
				<direction-type>
					<words relative-y="69">|</words>
				</direction-type>
				<offset>-1</offset>
			</direction>
			<note>
				<pitch>
					<step>G</step>
					<octave>4</octave>
				</pitch>
				<duration>2</duration>
				<voice>1</voice>
				<type>quarter</type>
				<stem>up</stem>
				<notations>
					<slur type="start" number="1"/>
				</notations>
				<lyric number="1">
					<syllabic>single</syllabic>
					<text>o</text>
				</lyric>
			</note>
			<note>
				<pitch>
					<step>A</step>
					<octave>4</octave>
				</pitch>
				<duration>2</duration>
				<voice>1</voice>
				<type>quarter</type>
				<stem>up</stem>
				<notations>
					<slur type="stop" number="1"/>
				</notations>
			</note>
			<note>
				<pitch>
					<step>G</step>
					<octave>4</octave>
				</pitch>
				<duration>2</duration>
				<voice>1</voice>
				<type>quarter</type>
				<stem>up</stem>
				<notations>
					<slur type="start" number="1"/>
				</notations>
				<lyric number="1">
					<syllabic>begin</syllabic>
					<text>Chri</text>
				</lyric>
			</note>
			<note>
				<pitch>
					<step>F</step>
					<octave>4</octave>
				</pitch>
				<duration>2</duration>
				<voice>1</voice>
				<type>quarter</type>
				<stem>up</stem>
				<notations>
					<slur type="stop" number="1"/>
				</notations>
			</note>
			<note>
				<pitch>
					<step>A</step>
					<octave>4</octave>
				</pitch>
				<duration>2</duration>
				<voice>1</voice>
				<type>quarter</type>
				<stem>up</stem>
				<notations>
					<slur type="start" number="1"/>
				</notations>
				<lyric number="1">
					<syllabic>middle</syllabic>
					<text>sti</text>
				</lyric>
			</note>
			<note>
				<pitch>
					<step>C</step>
					<octave>5</octave>
				</pitch>
				<duration>2</duration>
				<voice>1</voice>
				<type>quarter</type>
				<stem>down</stem>
				<notations>
					<slur type="stop" number="1"/>
				</notations>
			</note>
			<note>
				<pitch>
					<step>A</step>
					<octave>4</octave>
				</pitch>
				<duration>2</duration>
				<voice>1</voice>
				<type>quarter</type>
				<stem>up</stem>
				<lyric number="1">
					<syllabic>middle</syllabic>
					<text>co</text>
				</lyric>
			</note>
			<note>
				<pitch>
					<step>G</step>
					<octave>4</octave>
				</pitch>
				<duration>2</duration>
				<voice>1</voice>
				<type>quarter</type>
				<stem>up</stem>
				<lyric number="1">
					<syllabic>end</syllabic>
					<text>lae?</text>
				</lyric>
			</note>
			<barline location="right">
				<bar-style>light-light</bar-style>
			</barline>
		</measure>
	</part>
</score-partwise>
