<?xml version="1.0" standalone="no"?>
<!DOCTYPE score-partwise PUBLIC "-//Recordare//DTD MusicXML 1.0 Partwise//EN" "http://www.musicxml.org/dtds/partwise.dtd">
<score-partwise>
	<work>
		<work-number>K. 581</work-number>
		<work-title>Quintet for Clarinet and Strings</work-title>
	</work>
	<movement-number>3</movement-number>
	<movement-title>Menuetto (Excerpt from Second Trio)</movement-title>
	<identification>
		<creator type="composer">Wolfgang Amadeus Mozart</creator>
		<rights>Copyright © 2003 Recordare LLC</rights>
		<encoding>
			<software>Finale 2003 for Windows</software>
			<software>Dolet for Finale 1.3</software>
			<encoding-date>2003-12-05</encoding-date>
		</encoding>
	</identification>
	<part-list>
		<part-group type="start" number="1">
			<group-symbol>bracket</group-symbol>
		</part-group>
		<score-part id="P1">
			<part-name>clarinet in A</part-name>
			<score-instrument id="P1-I1">
				<instrument-name>Clarinet</instrument-name>
			</score-instrument>
			<midi-instrument id="P1-I1">
				<midi-channel>1</midi-channel>
				<midi-program>72</midi-program>
			</midi-instrument>
		</score-part>
		<score-part id="P2">
			<part-name>violino I</part-name>
			<score-instrument id="P2-I3">
				<instrument-name>Violin</instrument-name>
			</score-instrument>
			<midi-instrument id="P2-I3">
				<midi-channel>3</midi-channel>
				<midi-program>41</midi-program>
			</midi-instrument>
		</score-part>
		<score-part id="P3">
			<part-name>violino II</part-name>
			<score-instrument id="P3-I4">
				<instrument-name>Violin II</instrument-name>
			</score-instrument>
			<midi-instrument id="P3-I4">
				<midi-channel>4</midi-channel>
				<midi-program>41</midi-program>
			</midi-instrument>
		</score-part>
		<score-part id="P4">
			<part-name>viola</part-name>
			<score-instrument id="P4-I5">
				<instrument-name>Viola</instrument-name>
			</score-instrument>
			<midi-instrument id="P4-I5">
				<midi-channel>6</midi-channel>
				<midi-program>42</midi-program>
			</midi-instrument>
		</score-part>
		<score-part id="P5">
			<part-name>violoncello</part-name>
			<score-instrument id="P5-I6">
				<instrument-name>Cello</instrument-name>
			</score-instrument>
			<midi-instrument id="P5-I6">
				<midi-channel>5</midi-channel>
				<midi-program>43</midi-program>
			</midi-instrument>
		</score-part>
		<part-group type="stop" number="1"/>
	</part-list>
	<part id="P1">
		<measure number="0" implicit="yes">
			<attributes>
				<divisions>6</divisions>
				<key>
					<fifths>0</fifths>
					<mode>major</mode>
				</key>
				<time>
					<beats>3</beats>
					<beat-type>4</beat-type>
				</time>
				<clef>
					<sign>G</sign>
					<line>2</line>
				</clef>
				<transpose>
					<diatonic>-2</diatonic>
					<chromatic>-3</chromatic>
				</transpose>
			</attributes>
			<direction placement="below">
				<direction-type>
					<dynamics relative-y="6" relative-x="-14">
						<p/>
					</dynamics>
				</direction-type>
				<sound dynamics="54"/>
			</direction>
			<note>
				<pitch>
					<step>C</step>
					<octave>5</octave>
				</pitch>
				<duration>3</duration>
				<voice>1</voice>
				<type>eighth</type>
				<stem>down</stem>
				<beam number="1">begin</beam>
				<notations>
					<slur type="start" number="1"/>
				</notations>
			</note>
			<note>
				<pitch>
					<step>E</step>
					<octave>5</octave>
				</pitch>
				<duration>3</duration>
				<voice>1</voice>
				<type>eighth</type>
				<stem>down</stem>
				<beam number="1">end</beam>
			</note>
		</measure>
		<measure number="1">
			<note>
				<pitch>
					<step>G</step>
					<octave>5</octave>
				</pitch>
				<duration>3</duration>
				<voice>1</voice>
				<type>eighth</type>
				<stem>down</stem>
				<beam number="1">begin</beam>
			</note>
			<note>
				<pitch>
					<step>E</step>
					<octave>5</octave>
				</pitch>
				<duration>3</duration>
				<voice>1</voice>
				<type>eighth</type>
				<stem>down</stem>
				<beam number="1">end</beam>
			</note>
			<note>
				<pitch>
					<step>C</step>
					<octave>6</octave>
				</pitch>
				<duration>6</duration>
				<voice>1</voice>
				<type>quarter</type>
				<stem>down</stem>
				<notations>
					<slur type="stop" number="1"/>
				</notations>
			</note>
			<note>
				<pitch>
					<step>G</step>
					<octave>5</octave>
				</pitch>
				<duration>3</duration>
				<voice>1</voice>
				<type>eighth</type>
				<stem>down</stem>
				<beam number="1">begin</beam>
				<notations>
					<slur type="start" number="1"/>
				</notations>
			</note>
			<note>
				<pitch>
					<step>E</step>
					<octave>5</octave>
				</pitch>
				<duration>3</duration>
				<voice>1</voice>
				<type>eighth</type>
				<stem>down</stem>
				<beam number="1">end</beam>
			</note>
		</measure>
		<measure number="2">
			<note>
				<pitch>
					<step>D</step>
					<octave>5</octave>
				</pitch>
				<duration>3</duration>
				<voice>1</voice>
				<type>eighth</type>
				<stem>down</stem>
				<beam number="1">begin</beam>
			</note>
			<note>
				<pitch>
					<step>F</step>
					<octave>5</octave>
				</pitch>
				<duration>3</duration>
				<voice>1</voice>
				<type>eighth</type>
				<stem>down</stem>
				<beam number="1">end</beam>
			</note>
			<note>
				<pitch>
					<step>A</step>
					<octave>5</octave>
				</pitch>
				<duration>6</duration>
				<voice>1</voice>
				<type>quarter</type>
				<stem>down</stem>
				<notations>
					<slur type="stop" number="1"/>
				</notations>
			</note>
			<note>
				<pitch>
					<step>F</step>
					<octave>5</octave>
				</pitch>
				<duration>3</duration>
				<voice>1</voice>
				<type>eighth</type>
				<stem>down</stem>
				<beam number="1">begin</beam>
				<notations>
					<slur type="start" number="1"/>
				</notations>
			</note>
			<note>
				<pitch>
					<step>D</step>
					<octave>5</octave>
				</pitch>
				<duration>3</duration>
				<voice>1</voice>
				<type>eighth</type>
				<stem>down</stem>
				<beam number="1">end</beam>
			</note>
		</measure>
		<measure number="3">
			<note>
				<pitch>
					<step>C</step>
					<octave>5</octave>
				</pitch>
				<duration>3</duration>
				<voice>1</voice>
				<type>eighth</type>
				<stem>down</stem>
				<beam number="1">begin</beam>
			</note>
			<note>
				<pitch>
					<step>B</step>
					<octave>4</octave>
				</pitch>
				<duration>3</duration>
				<voice>1</voice>
				<type>eighth</type>
				<stem>down</stem>
				<beam number="1">continue</beam>
			</note>
			<note>
				<pitch>
					<step>E</step>
					<octave>5</octave>
				</pitch>
				<duration>3</duration>
				<voice>1</voice>
				<type>eighth</type>
				<stem>down</stem>
				<beam number="1">continue</beam>
			</note>
			<note>
				<pitch>
					<step>D</step>
					<octave>5</octave>
				</pitch>
				<duration>3</duration>
				<voice>1</voice>
				<type>eighth</type>
				<stem>down</stem>
				<beam number="1">continue</beam>
			</note>
			<note>
				<pitch>
					<step>G</step>
					<octave>5</octave>
				</pitch>
				<duration>3</duration>
				<voice>1</voice>
				<type>eighth</type>
				<stem>down</stem>
				<beam number="1">continue</beam>
			</note>
			<note>
				<pitch>
					<step>F</step>
					<octave>5</octave>
				</pitch>
				<duration>3</duration>
				<voice>1</voice>
				<type>eighth</type>
				<stem>down</stem>
				<beam number="1">end</beam>
				<notations>
					<slur type="stop" number="1"/>
				</notations>
			</note>
		</measure>
		<measure number="4">
			<note>
				<pitch>
					<step>D</step>
					<alter>1</alter>
					<octave>5</octave>
				</pitch>
				<duration>6</duration>
				<voice>1</voice>
				<type>quarter</type>
				<accidental>sharp</accidental>
				<stem>down</stem>
				<notations>
					<slur type="start" number="1"/>
				</notations>
			</note>
			<note>
				<pitch>
					<step>E</step>
					<octave>5</octave>
				</pitch>
				<duration>6</duration>
				<voice>1</voice>
				<type>quarter</type>
				<stem>down</stem>
				<notations>
					<slur type="stop" number="1"/>
				</notations>
			</note>
			<note>
				<pitch>
					<step>C</step>
					<octave>5</octave>
				</pitch>
				<duration>3</duration>
				<voice>1</voice>
				<type>eighth</type>
				<stem>down</stem>
				<beam number="1">begin</beam>
				<notations>
					<slur type="start" number="1"/>
				</notations>
			</note>
			<note>
				<pitch>
					<step>E</step>
					<octave>5</octave>
				</pitch>
				<duration>3</duration>
				<voice>1</voice>
				<type>eighth</type>
				<stem>down</stem>
				<beam number="1">end</beam>
			</note>
		</measure>
		<measure number="5">
			<note>
				<pitch>
					<step>G</step>
					<octave>5</octave>
				</pitch>
				<duration>3</duration>
				<voice>1</voice>
				<type>eighth</type>
				<stem>down</stem>
				<beam number="1">begin</beam>
			</note>
			<note>
				<pitch>
					<step>E</step>
					<octave>5</octave>
				</pitch>
				<duration>3</duration>
				<voice>1</voice>
				<type>eighth</type>
				<stem>down</stem>
				<beam number="1">end</beam>
			</note>
			<note>
				<pitch>
					<step>C</step>
					<octave>6</octave>
				</pitch>
				<duration>6</duration>
				<voice>1</voice>
				<type>quarter</type>
				<stem>down</stem>
				<notations>
					<slur type="stop" number="1"/>
				</notations>
			</note>
			<note>
				<pitch>
					<step>G</step>
					<octave>5</octave>
				</pitch>
				<duration>3</duration>
				<voice>1</voice>
				<type>eighth</type>
				<stem>down</stem>
				<beam number="1">begin</beam>
				<notations>
					<slur type="start" number="1"/>
				</notations>
			</note>
			<note>
				<pitch>
					<step>E</step>
					<octave>5</octave>
				</pitch>
				<duration>3</duration>
				<voice>1</voice>
				<type>eighth</type>
				<stem>down</stem>
				<beam number="1">end</beam>
			</note>
		</measure>
		<measure number="6">
			<note>
				<pitch>
					<step>D</step>
					<octave>5</octave>
				</pitch>
				<duration>3</duration>
				<voice>1</voice>
				<type>eighth</type>
				<accidental>natural</accidental>
				<stem>down</stem>
				<beam number="1">begin</beam>
			</note>
			<note>
				<pitch>
					<step>F</step>
					<octave>5</octave>
				</pitch>
				<duration>3</duration>
				<voice>1</voice>
				<type>eighth</type>
				<stem>down</stem>
				<beam number="1">end</beam>
			</note>
			<note>
				<pitch>
					<step>A</step>
					<octave>5</octave>
				</pitch>
				<duration>6</duration>
				<voice>1</voice>
				<type>quarter</type>
				<stem>down</stem>
				<notations>
					<slur type="stop" number="1"/>
				</notations>
			</note>
			<note>
				<rest/>
				<duration>6</duration>
				<voice>1</voice>
				<type>quarter</type>
			</note>
		</measure>
		<measure number="7">
			<note>
				<rest/>
				<duration>18</duration>
				<voice>1</voice>
			</note>
		</measure>
		<measure number="8">
			<print new-system="yes"/>
			<note>
				<rest/>
				<duration>6</duration>
				<voice>1</voice>
				<type>quarter</type>
			</note>
			<note>
				<rest/>
				<duration>6</duration>
				<voice>1</voice>
				<type>quarter</type>
			</note>
			<note>
				<pitch>
					<step>D</step>
					<octave>4</octave>
				</pitch>
				<duration>2</duration>
				<voice>1</voice>
				<type>eighth</type>
				<time-modification>
					<actual-notes>3</actual-notes>
					<normal-notes>2</normal-notes>
				</time-modification>
				<stem>up</stem>
				<beam number="1">begin</beam>
				<notations>
					<tuplet type="start" placement="below"/>
					<slur type="start" number="1"/>
				</notations>
			</note>
			<note>
				<pitch>
					<step>A</step>
					<octave>3</octave>
				</pitch>
				<duration>2</duration>
				<voice>1</voice>
				<type>eighth</type>
				<time-modification>
					<actual-notes>3</actual-notes>
					<normal-notes>2</normal-notes>
				</time-modification>
				<stem>up</stem>
				<beam number="1">continue</beam>
			</note>
			<note>
				<pitch>
					<step>F</step>
					<octave>3</octave>
				</pitch>
				<duration>2</duration>
				<voice>1</voice>
				<type>eighth</type>
				<time-modification>
					<actual-notes>3</actual-notes>
					<normal-notes>2</normal-notes>
				</time-modification>
				<stem>up</stem>
				<beam number="1">end</beam>
				<notations>
					<tuplet type="stop"/>
				</notations>
			</note>
		</measure>
		<measure number="9">
			<note>
				<pitch>
					<step>A</step>
					<octave>3</octave>
				</pitch>
				<duration>3</duration>
				<voice>1</voice>
				<type>eighth</type>
				<stem>up</stem>
				<beam number="1">begin</beam>
				<notations>
					<slur type="stop" number="1"/>
				</notations>
			</note>
			<note>
				<pitch>
					<step>D</step>
					<octave>4</octave>
				</pitch>
				<duration>3</duration>
				<voice>1</voice>
				<type>eighth</type>
				<stem>up</stem>
				<beam number="1">continue</beam>
				<notations>
					<articulations>
						<staccato placement="below"/>
					</articulations>
				</notations>
			</note>
			<note>
				<pitch>
					<step>F</step>
					<octave>4</octave>
				</pitch>
				<duration>3</duration>
				<voice>1</voice>
				<type>eighth</type>
				<stem>up</stem>
				<beam number="1">continue</beam>
				<notations>
					<articulations>
						<staccato placement="below"/>
					</articulations>
				</notations>
			</note>
			<note>
				<pitch>
					<step>A</step>
					<octave>4</octave>
				</pitch>
				<duration>3</duration>
				<voice>1</voice>
				<type>eighth</type>
				<stem>up</stem>
				<beam number="1">continue</beam>
				<notations>
					<articulations>
						<staccato placement="below"/>
					</articulations>
				</notations>
			</note>
			<note>
				<pitch>
					<step>D</step>
					<octave>5</octave>
				</pitch>
				<duration>3</duration>
				<voice>1</voice>
				<type>eighth</type>
				<stem>up</stem>
				<beam number="1">continue</beam>
				<notations>
					<articulations>
						<staccato placement="below"/>
					</articulations>
				</notations>
			</note>
			<note>
				<pitch>
					<step>F</step>
					<octave>5</octave>
				</pitch>
				<duration>3</duration>
				<voice>1</voice>
				<type>eighth</type>
				<stem>up</stem>
				<beam number="1">end</beam>
				<notations>
					<articulations>
						<staccato placement="below"/>
					</articulations>
				</notations>
			</note>
		</measure>
		<measure number="10">
			<note>
				<pitch>
					<step>A</step>
					<octave>5</octave>
				</pitch>
				<duration>3</duration>
				<voice>1</voice>
				<type>eighth</type>
				<stem>down</stem>
				<beam number="1">begin</beam>
				<notations>
					<slur type="start" number="1"/>
				</notations>
			</note>
			<note>
				<pitch>
					<step>G</step>
					<octave>5</octave>
				</pitch>
				<duration>3</duration>
				<voice>1</voice>
				<type>eighth</type>
				<stem>down</stem>
				<beam number="1">continue</beam>
			</note>
			<note>
				<pitch>
					<step>F</step>
					<octave>5</octave>
				</pitch>
				<duration>3</duration>
				<voice>1</voice>
				<type>eighth</type>
				<stem>down</stem>
				<beam number="1">continue</beam>
			</note>
			<note>
				<pitch>
					<step>E</step>
					<octave>5</octave>
				</pitch>
				<duration>3</duration>
				<voice>1</voice>
				<type>eighth</type>
				<stem>down</stem>
				<beam number="1">continue</beam>
			</note>
			<note>
				<pitch>
					<step>F</step>
					<octave>5</octave>
				</pitch>
				<duration>3</duration>
				<voice>1</voice>
				<type>eighth</type>
				<stem>down</stem>
				<beam number="1">continue</beam>
			</note>
			<note>
				<pitch>
					<step>D</step>
					<octave>5</octave>
				</pitch>
				<duration>3</duration>
				<voice>1</voice>
				<type>eighth</type>
				<stem>down</stem>
				<beam number="1">end</beam>
				<notations>
					<slur type="stop" number="1"/>
				</notations>
			</note>
		</measure>
		<measure number="11">
			<note>
				<pitch>
					<step>C</step>
					<octave>5</octave>
				</pitch>
				<duration>12</duration>
				<voice>1</voice>
				<type>half</type>
				<stem>down</stem>
				<notations>
					<slur type="start" number="1"/>
				</notations>
			</note>
			<note>
				<pitch>
					<step>E</step>
					<octave>5</octave>
				</pitch>
				<duration>3</duration>
				<voice>1</voice>
				<type>eighth</type>
				<stem>down</stem>
				<beam number="1">begin</beam>
			</note>
			<note>
				<pitch>
					<step>D</step>
					<octave>5</octave>
				</pitch>
				<duration>3</duration>
				<voice>1</voice>
				<type>eighth</type>
				<stem>down</stem>
				<beam number="1">end</beam>
				<notations>
					<slur type="stop" number="1"/>
				</notations>
			</note>
		</measure>
		<measure number="12">
			<note>
				<pitch>
					<step>C</step>
					<octave>5</octave>
				</pitch>
				<duration>6</duration>
				<voice>1</voice>
				<type>quarter</type>
				<stem>down</stem>
			</note>
			<note>
				<rest/>
				<duration>6</duration>
				<voice>1</voice>
				<type>quarter</type>
			</note>
			<barline location="right">
				<bar-style>light-heavy</bar-style>
				<repeat direction="backward"/>
			</barline>
		</measure>
		<measure number="X1" implicit="yes">
			<barline location="left">
				<bar-style>heavy-light</bar-style>
				<repeat direction="forward"/>
			</barline>
			<note>
				<rest/>
				<duration>6</duration>
				<voice>1</voice>
				<type>quarter</type>
			</note>
		</measure>
		<measure number="13">
			<note>
				<rest/>
				<duration>18</duration>
				<voice>1</voice>
			</note>
		</measure>
		<measure number="14">
			<note>
				<rest/>
				<duration>18</duration>
				<voice>1</voice>
			</note>
		</measure>
		<measure number="15">
			<note>
				<rest/>
				<duration>18</duration>
				<voice>1</voice>
			</note>
		</measure>
		<measure number="16">
			<note>
				<rest/>
				<duration>6</duration>
				<voice>1</voice>
				<type>quarter</type>
			</note>
			<note>
				<rest/>
				<duration>6</duration>
				<voice>1</voice>
				<type>quarter</type>
			</note>
			<note>
				<pitch>
					<step>G</step>
					<octave>5</octave>
				</pitch>
				<duration>6</duration>
				<voice>1</voice>
				<type>quarter</type>
				<stem>down</stem>
				<notations>
					<slur type="start" number="1"/>
				</notations>
			</note>
		</measure>
	</part>
	<part id="P2">
		<measure number="0" implicit="yes">
			<attributes>
				<divisions>8</divisions>
				<key>
					<fifths>3</fifths>
					<mode>major</mode>
				</key>
				<time>
					<beats>3</beats>
					<beat-type>4</beat-type>
				</time>
				<clef>
					<sign>G</sign>
					<line>2</line>
				</clef>
			</attributes>
			<note>
				<rest/>
				<duration>8</duration>
				<voice>1</voice>
				<type>quarter</type>
			</note>
		</measure>
		<measure number="1">
			<direction placement="below">
				<direction-type>
					<dynamics>
						<p/>
					</dynamics>
				</direction-type>
				<offset>7</offset>
				<sound dynamics="54"/>
			</direction>
			<note>
				<rest/>
				<duration>8</duration>
				<voice>1</voice>
				<type>quarter</type>
			</note>
			<note>
				<pitch>
					<step>A</step>
					<octave>4</octave>
				</pitch>
				<duration>8</duration>
				<voice>1</voice>
				<type>quarter</type>
				<stem>up</stem>
			</note>
			<note>
				<pitch>
					<step>A</step>
					<octave>4</octave>
				</pitch>
				<duration>8</duration>
				<voice>1</voice>
				<type>quarter</type>
				<stem>up</stem>
			</note>
		</measure>
		<measure number="2">
			<note>
				<rest/>
				<duration>8</duration>
				<voice>1</voice>
				<type>quarter</type>
			</note>
			<note>
				<pitch>
					<step>A</step>
					<octave>4</octave>
				</pitch>
				<duration>8</duration>
				<voice>1</voice>
				<type>quarter</type>
				<stem>up</stem>
			</note>
			<note>
				<pitch>
					<step>A</step>
					<octave>4</octave>
				</pitch>
				<duration>8</duration>
				<voice>1</voice>
				<type>quarter</type>
				<stem>up</stem>
			</note>
		</measure>
		<measure number="3">
			<note>
				<rest/>
				<duration>8</duration>
				<voice>1</voice>
				<type>quarter</type>
			</note>
			<note>
				<pitch>
					<step>G</step>
					<alter>1</alter>
					<octave>4</octave>
				</pitch>
				<duration>8</duration>
				<voice>1</voice>
				<type>quarter</type>
				<stem>up</stem>
			</note>
			<note>
				<pitch>
					<step>G</step>
					<alter>1</alter>
					<octave>4</octave>
				</pitch>
				<duration>8</duration>
				<voice>1</voice>
				<type>quarter</type>
				<stem>up</stem>
			</note>
		</measure>
		<measure number="4">
			<note>
				<rest/>
				<duration>8</duration>
				<voice>1</voice>
				<type>quarter</type>
			</note>
			<note>
				<pitch>
					<step>A</step>
					<octave>4</octave>
				</pitch>
				<duration>8</duration>
				<voice>1</voice>
				<type>quarter</type>
				<stem>up</stem>
			</note>
			<note>
				<pitch>
					<step>A</step>
					<octave>4</octave>
				</pitch>
				<duration>8</duration>
				<voice>1</voice>
				<type>quarter</type>
				<stem>up</stem>
			</note>
		</measure>
		<measure number="5">
			<note>
				<rest/>
				<duration>8</duration>
				<voice>1</voice>
				<type>quarter</type>
			</note>
			<note>
				<pitch>
					<step>A</step>
					<octave>4</octave>
				</pitch>
				<duration>8</duration>
				<voice>1</voice>
				<type>quarter</type>
				<stem>up</stem>
			</note>
			<note>
				<pitch>
					<step>A</step>
					<octave>4</octave>
				</pitch>
				<duration>8</duration>
				<voice>1</voice>
				<type>quarter</type>
				<stem>up</stem>
			</note>
		</measure>
		<measure number="6">
			<note>
				<pitch>
					<step>F</step>
					<alter>1</alter>
					<octave>4</octave>
				</pitch>
				<duration>8</duration>
				<voice>1</voice>
				<type>quarter</type>
				<stem>up</stem>
			</note>
			<note>
				<rest/>
				<duration>8</duration>
				<voice>1</voice>
				<type>quarter</type>
			</note>
			<note>
				<pitch>
					<step>C</step>
					<alter>1</alter>
					<octave>5</octave>
				</pitch>
				<duration>4</duration>
				<voice>1</voice>
				<type>eighth</type>
				<stem>down</stem>
				<beam number="1">begin</beam>
				<notations>
					<slur type="start" number="1"/>
				</notations>
			</note>
			<note>
				<pitch>
					<step>A</step>
					<alter>1</alter>
					<octave>4</octave>
				</pitch>
				<duration>4</duration>
				<voice>1</voice>
				<type>eighth</type>
				<accidental>sharp</accidental>
				<stem>down</stem>
				<beam number="1">end</beam>
			</note>
		</measure>
		<measure number="7">
			<note>
				<pitch>
					<step>B</step>
					<octave>4</octave>
				</pitch>
				<duration>4</duration>
				<voice>1</voice>
				<type>eighth</type>
				<stem>down</stem>
				<beam number="1">begin</beam>
			</note>
			<note>
				<pitch>
					<step>D</step>
					<octave>5</octave>
				</pitch>
				<duration>4</duration>
				<voice>1</voice>
				<type>eighth</type>
				<stem>down</stem>
				<beam number="1">end</beam>
			</note>
			<note>
				<pitch>
					<step>F</step>
					<alter>1</alter>
					<octave>5</octave>
				</pitch>
				<duration>8</duration>
				<voice>1</voice>
				<type>quarter</type>
				<stem>down</stem>
				<notations>
					<slur type="stop" number="1"/>
				</notations>
			</note>
			<note>
				<pitch>
					<step>C</step>
					<alter>1</alter>
					<octave>5</octave>
				</pitch>
				<duration>4</duration>
				<voice>1</voice>
				<type>eighth</type>
				<stem>down</stem>
				<beam number="1">begin</beam>
				<notations>
					<slur type="start" number="1"/>
				</notations>
			</note>
			<note>
				<pitch>
					<step>A</step>
					<alter>1</alter>
					<octave>4</octave>
				</pitch>
				<duration>4</duration>
				<voice>1</voice>
				<type>eighth</type>
				<accidental>sharp</accidental>
				<stem>down</stem>
				<beam number="1">end</beam>
			</note>
		</measure>
		<measure number="8">
			<print new-system="yes"/>
			<note>
				<pitch>
					<step>B</step>
					<octave>4</octave>
				</pitch>
				<duration>4</duration>
				<voice>1</voice>
				<type>eighth</type>
				<stem>down</stem>
				<beam number="1">begin</beam>
			</note>
			<note>
				<pitch>
					<step>D</step>
					<octave>5</octave>
				</pitch>
				<duration>4</duration>
				<voice>1</voice>
				<type>eighth</type>
				<stem>down</stem>
				<beam number="1">end</beam>
			</note>
			<note>
				<pitch>
					<step>F</step>
					<alter>1</alter>
					<octave>5</octave>
				</pitch>
				<duration>8</duration>
				<voice>1</voice>
				<type>quarter</type>
				<stem>down</stem>
				<notations>
					<slur type="stop" number="1"/>
				</notations>
			</note>
			<note>
				<rest/>
				<duration>8</duration>
				<voice>1</voice>
				<type>quarter</type>
			</note>
		</measure>
		<measure number="9">
			<note>
				<rest/>
				<duration>24</duration>
				<voice>1</voice>
			</note>
		</measure>
		<measure number="10">
			<note>
				<rest/>
				<duration>24</duration>
				<voice>1</voice>
			</note>
		</measure>
		<measure number="11">
			<note>
				<pitch>
					<step>C</step>
					<alter>1</alter>
					<octave>4</octave>
				</pitch>
				<duration>4</duration>
				<voice>1</voice>
				<type>eighth</type>
				<stem>up</stem>
				<beam number="1">begin</beam>
				<notations>
					<slur type="start" number="1"/>
				</notations>
			</note>
			<note>
				<pitch>
					<step>E</step>
					<octave>4</octave>
				</pitch>
				<duration>4</duration>
				<voice>1</voice>
				<type>eighth</type>
				<stem>up</stem>
				<beam number="1">continue</beam>
			</note>
			<note>
				<pitch>
					<step>C</step>
					<alter>1</alter>
					<octave>4</octave>
				</pitch>
				<duration>4</duration>
				<voice>1</voice>
				<type>eighth</type>
				<stem>up</stem>
				<beam number="1">continue</beam>
			</note>
			<note>
				<pitch>
					<step>E</step>
					<octave>4</octave>
				</pitch>
				<duration>4</duration>
				<voice>1</voice>
				<type>eighth</type>
				<stem>up</stem>
				<beam number="1">continue</beam>
			</note>
			<note>
				<pitch>
					<step>D</step>
					<octave>4</octave>
				</pitch>
				<duration>4</duration>
				<voice>1</voice>
				<type>eighth</type>
				<stem>up</stem>
				<beam number="1">continue</beam>
			</note>
			<note>
				<pitch>
					<step>E</step>
					<octave>4</octave>
				</pitch>
				<duration>4</duration>
				<voice>1</voice>
				<type>eighth</type>
				<stem>up</stem>
				<beam number="1">end</beam>
				<notations>
					<slur type="stop" number="1"/>
				</notations>
			</note>
		</measure>
		<measure number="12">
			<note>
				<pitch>
					<step>C</step>
					<alter>1</alter>
					<octave>4</octave>
				</pitch>
				<duration>8</duration>
				<voice>1</voice>
				<type>quarter</type>
				<stem>up</stem>
			</note>
			<note>
				<rest/>
				<duration>8</duration>
				<voice>1</voice>
				<type>quarter</type>
			</note>
			<barline location="right">
				<bar-style>light-heavy</bar-style>
				<repeat direction="backward"/>
			</barline>
		</measure>
		<measure number="X1" implicit="yes">
			<barline location="left">
				<bar-style>heavy-light</bar-style>
				<repeat direction="forward"/>
			</barline>
			<note>
				<pitch>
					<step>E</step>
					<octave>4</octave>
				</pitch>
				<duration>4</duration>
				<voice>1</voice>
				<type>eighth</type>
				<stem>up</stem>
				<beam number="1">begin</beam>
				<notations>
					<slur type="start" number="1"/>
				</notations>
			</note>
			<note>
				<pitch>
					<step>G</step>
					<alter>1</alter>
					<octave>4</octave>
				</pitch>
				<duration>4</duration>
				<voice>1</voice>
				<type>eighth</type>
				<stem>up</stem>
				<beam number="1">end</beam>
			</note>
		</measure>
		<measure number="13">
			<note>
				<pitch>
					<step>B</step>
					<octave>4</octave>
				</pitch>
				<duration>4</duration>
				<voice>1</voice>
				<type>eighth</type>
				<stem>up</stem>
				<beam number="1">begin</beam>
			</note>
			<note>
				<pitch>
					<step>G</step>
					<alter>1</alter>
					<octave>4</octave>
				</pitch>
				<duration>4</duration>
				<voice>1</voice>
				<type>eighth</type>
				<stem>up</stem>
				<beam number="1">end</beam>
			</note>
			<note>
				<pitch>
					<step>E</step>
					<octave>5</octave>
				</pitch>
				<duration>8</duration>
				<voice>1</voice>
				<type>quarter</type>
				<stem>down</stem>
				<notations>
					<slur type="stop" number="1"/>
				</notations>
			</note>
			<note>
				<pitch>
					<step>E</step>
					<octave>4</octave>
				</pitch>
				<duration>4</duration>
				<voice>1</voice>
				<type>eighth</type>
				<stem>up</stem>
				<beam number="1">begin</beam>
				<notations>
					<slur type="start" number="1"/>
				</notations>
			</note>
			<note>
				<pitch>
					<step>A</step>
					<octave>4</octave>
				</pitch>
				<duration>4</duration>
				<voice>1</voice>
				<type>eighth</type>
				<stem>up</stem>
				<beam number="1">end</beam>
			</note>
		</measure>
		<measure number="14">
			<note>
				<pitch>
					<step>C</step>
					<alter>1</alter>
					<octave>5</octave>
				</pitch>
				<duration>4</duration>
				<voice>1</voice>
				<type>eighth</type>
				<stem>down</stem>
				<beam number="1">begin</beam>
			</note>
			<note>
				<pitch>
					<step>A</step>
					<octave>4</octave>
				</pitch>
				<duration>4</duration>
				<voice>1</voice>
				<type>eighth</type>
				<stem>down</stem>
				<beam number="1">end</beam>
			</note>
			<note>
				<pitch>
					<step>E</step>
					<octave>5</octave>
				</pitch>
				<duration>8</duration>
				<voice>1</voice>
				<type>quarter</type>
				<stem>down</stem>
				<notations>
					<slur type="stop" number="1"/>
				</notations>
			</note>
			<note>
				<pitch>
					<step>E</step>
					<octave>4</octave>
				</pitch>
				<duration>4</duration>
				<voice>1</voice>
				<type>eighth</type>
				<stem>up</stem>
				<beam number="1">begin</beam>
				<notations>
					<slur type="start" number="1"/>
				</notations>
			</note>
			<note>
				<pitch>
					<step>B</step>
					<octave>4</octave>
				</pitch>
				<duration>4</duration>
				<voice>1</voice>
				<type>eighth</type>
				<stem>up</stem>
				<beam number="1">end</beam>
			</note>
		</measure>
		<measure number="15">
			<note>
				<pitch>
					<step>D</step>
					<octave>5</octave>
				</pitch>
				<duration>4</duration>
				<voice>1</voice>
				<type>eighth</type>
				<stem>down</stem>
				<beam number="1">begin</beam>
			</note>
			<note>
				<pitch>
					<step>B</step>
					<octave>4</octave>
				</pitch>
				<duration>4</duration>
				<voice>1</voice>
				<type>eighth</type>
				<stem>down</stem>
				<beam number="1">continue</beam>
			</note>
			<note>
				<pitch>
					<step>E</step>
					<octave>5</octave>
				</pitch>
				<duration>4</duration>
				<voice>1</voice>
				<type>eighth</type>
				<stem>down</stem>
				<beam number="1">continue</beam>
			</note>
			<note>
				<pitch>
					<step>D</step>
					<octave>5</octave>
				</pitch>
				<duration>4</duration>
				<voice>1</voice>
				<type>eighth</type>
				<stem>down</stem>
				<beam number="1">continue</beam>
			</note>
			<note>
				<pitch>
					<step>C</step>
					<alter>1</alter>
					<octave>5</octave>
				</pitch>
				<duration>4</duration>
				<voice>1</voice>
				<type>eighth</type>
				<stem>down</stem>
				<beam number="1">continue</beam>
			</note>
			<note>
				<pitch>
					<step>A</step>
					<octave>4</octave>
				</pitch>
				<duration>4</duration>
				<voice>1</voice>
				<type>eighth</type>
				<stem>down</stem>
				<beam number="1">end</beam>
				<notations>
					<slur type="stop" number="1"/>
				</notations>
			</note>
		</measure>
		<measure number="16">
			<note>
				<pitch>
					<step>G</step>
					<alter>1</alter>
					<octave>4</octave>
				</pitch>
				<duration>4</duration>
				<voice>1</voice>
				<type>eighth</type>
				<stem>up</stem>
				<beam number="1">begin</beam>
				<notations>
					<slur type="start" number="1"/>
				</notations>
			</note>
			<note>
				<pitch>
					<step>B</step>
					<octave>4</octave>
				</pitch>
				<duration>4</duration>
				<voice>1</voice>
				<type>eighth</type>
				<stem>up</stem>
				<beam number="1">end</beam>
			</note>
			<note>
				<pitch>
					<step>E</step>
					<octave>5</octave>
				</pitch>
				<duration>8</duration>
				<voice>1</voice>
				<type>quarter</type>
				<stem>down</stem>
				<notations>
					<slur type="stop" number="1"/>
				</notations>
			</note>
			<note>
				<pitch>
					<step>E</step>
					<octave>4</octave>
				</pitch>
				<duration>4</duration>
				<voice>1</voice>
				<type>eighth</type>
				<stem>up</stem>
				<beam number="1">begin</beam>
				<notations>
					<slur type="start" number="1"/>
				</notations>
			</note>
			<note>
				<pitch>
					<step>G</step>
					<alter>1</alter>
					<octave>4</octave>
				</pitch>
				<duration>4</duration>
				<voice>1</voice>
				<type>eighth</type>
				<stem>up</stem>
				<beam number="1">end</beam>
			</note>
		</measure>
	</part>
	<part id="P3">
		<measure number="0" implicit="yes">
			<attributes>
				<divisions>8</divisions>
				<key>
					<fifths>3</fifths>
					<mode>major</mode>
				</key>
				<time>
					<beats>3</beats>
					<beat-type>4</beat-type>
				</time>
				<clef>
					<sign>G</sign>
					<line>2</line>
				</clef>
			</attributes>
			<note>
				<rest/>
				<duration>8</duration>
				<voice>1</voice>
				<type>quarter</type>
			</note>
		</measure>
		<measure number="1">
			<direction placement="below">
				<direction-type>
					<dynamics>
						<p/>
					</dynamics>
				</direction-type>
				<offset>7</offset>
				<sound dynamics="54"/>
			</direction>
			<note>
				<rest/>
				<duration>8</duration>
				<voice>1</voice>
				<type>quarter</type>
			</note>
			<note>
				<pitch>
					<step>E</step>
					<octave>4</octave>
				</pitch>
				<duration>8</duration>
				<voice>1</voice>
				<type>quarter</type>
				<stem>up</stem>
			</note>
			<note>
				<pitch>
					<step>E</step>
					<octave>4</octave>
				</pitch>
				<duration>8</duration>
				<voice>1</voice>
				<type>quarter</type>
				<stem>up</stem>
			</note>
		</measure>
		<measure number="2">
			<note>
				<rest/>
				<duration>8</duration>
				<voice>1</voice>
				<type>quarter</type>
			</note>
			<note>
				<pitch>
					<step>F</step>
					<alter>1</alter>
					<octave>4</octave>
				</pitch>
				<duration>8</duration>
				<voice>1</voice>
				<type>quarter</type>
				<stem>up</stem>
			</note>
			<note>
				<pitch>
					<step>F</step>
					<alter>1</alter>
					<octave>4</octave>
				</pitch>
				<duration>8</duration>
				<voice>1</voice>
				<type>quarter</type>
				<stem>up</stem>
			</note>
		</measure>
		<measure number="3">
			<note>
				<rest/>
				<duration>8</duration>
				<voice>1</voice>
				<type>quarter</type>
			</note>
			<note>
				<pitch>
					<step>D</step>
					<octave>4</octave>
				</pitch>
				<duration>8</duration>
				<voice>1</voice>
				<type>quarter</type>
				<stem>up</stem>
			</note>
			<note>
				<pitch>
					<step>D</step>
					<octave>4</octave>
				</pitch>
				<duration>8</duration>
				<voice>1</voice>
				<type>quarter</type>
				<stem>up</stem>
			</note>
		</measure>
		<measure number="4">
			<note>
				<rest/>
				<duration>8</duration>
				<voice>1</voice>
				<type>quarter</type>
			</note>
			<note>
				<pitch>
					<step>C</step>
					<alter>1</alter>
					<octave>4</octave>
				</pitch>
				<duration>8</duration>
				<voice>1</voice>
				<type>quarter</type>
				<stem>up</stem>
			</note>
			<note>
				<pitch>
					<step>C</step>
					<alter>1</alter>
					<octave>4</octave>
				</pitch>
				<duration>8</duration>
				<voice>1</voice>
				<type>quarter</type>
				<stem>up</stem>
			</note>
		</measure>
		<measure number="5">
			<note>
				<rest/>
				<duration>8</duration>
				<voice>1</voice>
				<type>quarter</type>
			</note>
			<note>
				<pitch>
					<step>E</step>
					<octave>4</octave>
				</pitch>
				<duration>8</duration>
				<voice>1</voice>
				<type>quarter</type>
				<stem>up</stem>
			</note>
			<note>
				<pitch>
					<step>E</step>
					<octave>4</octave>
				</pitch>
				<duration>8</duration>
				<voice>1</voice>
				<type>quarter</type>
				<stem>up</stem>
			</note>
		</measure>
		<measure number="6">
			<note>
				<pitch>
					<step>D</step>
					<octave>4</octave>
				</pitch>
				<duration>8</duration>
				<voice>1</voice>
				<type>quarter</type>
				<stem>up</stem>
			</note>
			<note>
				<rest/>
				<duration>8</duration>
				<voice>1</voice>
				<type>quarter</type>
			</note>
			<note>
				<pitch>
					<step>G</step>
					<octave>4</octave>
				</pitch>
				<duration>8</duration>
				<voice>1</voice>
				<type>quarter</type>
				<accidental>natural</accidental>
				<stem>up</stem>
				<notations>
					<slur type="start" number="1"/>
				</notations>
			</note>
		</measure>
		<measure number="7">
			<note>
				<pitch>
					<step>F</step>
					<alter>1</alter>
					<octave>4</octave>
				</pitch>
				<duration>16</duration>
				<voice>1</voice>
				<type>half</type>
				<stem>up</stem>
			</note>
			<note>
				<pitch>
					<step>G</step>
					<octave>4</octave>
				</pitch>
				<duration>8</duration>
				<voice>1</voice>
				<type>quarter</type>
				<accidental>natural</accidental>
				<stem>up</stem>
			</note>
		</measure>
		<measure number="8">
			<print new-system="yes"/>
			<note>
				<pitch>
					<step>F</step>
					<alter>1</alter>
					<octave>4</octave>
				</pitch>
				<duration>16</duration>
				<voice>1</voice>
				<type>half</type>
				<stem>up</stem>
				<notations>
					<slur type="stop" number="1"/>
				</notations>
			</note>
			<note>
				<rest/>
				<duration>8</duration>
				<voice>1</voice>
				<type>quarter</type>
			</note>
		</measure>
		<measure number="9">
			<note>
				<rest/>
				<duration>24</duration>
				<voice>1</voice>
			</note>
		</measure>
		<measure number="10">
			<note>
				<rest/>
				<duration>24</duration>
				<voice>1</voice>
			</note>
		</measure>
		<measure number="11">
			<note>
				<pitch>
					<step>A</step>
					<octave>3</octave>
				</pitch>
				<duration>16</duration>
				<voice>1</voice>
				<type>half</type>
				<stem>up</stem>
				<notations>
					<slur type="start" number="1"/>
				</notations>
			</note>
			<note>
				<pitch>
					<step>G</step>
					<alter>1</alter>
					<octave>3</octave>
				</pitch>
				<duration>8</duration>
				<voice>1</voice>
				<type>quarter</type>
				<accidental>sharp</accidental>
				<stem>up</stem>
				<notations>
					<slur type="stop" number="1"/>
				</notations>
			</note>
		</measure>
		<measure number="12">
			<note>
				<pitch>
					<step>A</step>
					<octave>3</octave>
				</pitch>
				<duration>8</duration>
				<voice>1</voice>
				<type>quarter</type>
				<stem>up</stem>
			</note>
			<note>
				<rest/>
				<duration>8</duration>
				<voice>1</voice>
				<type>quarter</type>
			</note>
			<barline location="right">
				<bar-style>light-heavy</bar-style>
				<repeat direction="backward"/>
			</barline>
		</measure>
		<measure number="X1" implicit="yes">
			<barline location="left">
				<bar-style>heavy-light</bar-style>
				<repeat direction="forward"/>
			</barline>
			<note>
				<rest/>
				<duration>8</duration>
				<voice>1</voice>
				<type>quarter</type>
			</note>
		</measure>
		<measure number="13">
			<direction placement="below">
				<direction-type>
					<dynamics>
						<p/>
					</dynamics>
				</direction-type>
				<sound dynamics="54"/>
			</direction>
			<direction placement="above">
				<direction-type>
					<words>pizz.</words>
				</direction-type>
				<sound pizzicato="yes">
					<midi-instrument id="P3-I4">
						<midi-program>46</midi-program>
					</midi-instrument>
				</sound>
			</direction>
			<note>
				<pitch>
					<step>B</step>
					<octave>3</octave>
				</pitch>
				<duration>8</duration>
				<voice>1</voice>
				<type>quarter</type>
				<stem>up</stem>
			</note>
			<note>
				<chord/>
				<pitch>
					<step>G</step>
					<alter>1</alter>
					<octave>4</octave>
				</pitch>
				<duration>8</duration>
				<voice>1</voice>
				<type>quarter</type>
				<stem>up</stem>
			</note>
			<note>
				<pitch>
					<step>B</step>
					<octave>3</octave>
				</pitch>
				<duration>8</duration>
				<voice>1</voice>
				<type>quarter</type>
				<stem>up</stem>
			</note>
			<note>
				<chord/>
				<pitch>
					<step>G</step>
					<alter>1</alter>
					<octave>4</octave>
				</pitch>
				<duration>8</duration>
				<voice>1</voice>
				<type>quarter</type>
				<stem>up</stem>
			</note>
			<note>
				<rest/>
				<duration>8</duration>
				<voice>1</voice>
				<type>quarter</type>
			</note>
		</measure>
		<measure number="14">
			<note>
				<pitch>
					<step>A</step>
					<octave>3</octave>
				</pitch>
				<duration>8</duration>
				<voice>1</voice>
				<type>quarter</type>
				<stem>up</stem>
			</note>
			<note>
				<chord/>
				<pitch>
					<step>A</step>
					<octave>4</octave>
				</pitch>
				<duration>8</duration>
				<voice>1</voice>
				<type>quarter</type>
				<stem>up</stem>
			</note>
			<note>
				<pitch>
					<step>A</step>
					<octave>3</octave>
				</pitch>
				<duration>8</duration>
				<voice>1</voice>
				<type>quarter</type>
				<stem>up</stem>
			</note>
			<note>
				<chord/>
				<pitch>
					<step>A</step>
					<octave>4</octave>
				</pitch>
				<duration>8</duration>
				<voice>1</voice>
				<type>quarter</type>
				<stem>up</stem>
			</note>
			<note>
				<rest/>
				<duration>8</duration>
				<voice>1</voice>
				<type>quarter</type>
			</note>
		</measure>
		<measure number="15">
			<note>
				<pitch>
					<step>G</step>
					<alter>1</alter>
					<octave>4</octave>
				</pitch>
				<duration>8</duration>
				<voice>1</voice>
				<type>quarter</type>
				<stem>up</stem>
			</note>
			<note>
				<chord/>
				<pitch>
					<step>B</step>
					<octave>4</octave>
				</pitch>
				<duration>8</duration>
				<voice>1</voice>
				<type>quarter</type>
				<stem>up</stem>
			</note>
			<note>
				<pitch>
					<step>G</step>
					<alter>1</alter>
					<octave>4</octave>
				</pitch>
				<duration>8</duration>
				<voice>1</voice>
				<type>quarter</type>
				<stem>up</stem>
			</note>
			<note>
				<chord/>
				<pitch>
					<step>B</step>
					<octave>4</octave>
				</pitch>
				<duration>8</duration>
				<voice>1</voice>
				<type>quarter</type>
				<stem>up</stem>
			</note>
			<note>
				<pitch>
					<step>A</step>
					<octave>4</octave>
				</pitch>
				<duration>8</duration>
				<voice>1</voice>
				<type>quarter</type>
				<stem>down</stem>
			</note>
			<note>
				<chord/>
				<pitch>
					<step>C</step>
					<alter>1</alter>
					<octave>5</octave>
				</pitch>
				<duration>8</duration>
				<voice>1</voice>
				<type>quarter</type>
				<stem>down</stem>
			</note>
		</measure>
		<measure number="16">
			<note>
				<pitch>
					<step>G</step>
					<alter>1</alter>
					<octave>4</octave>
				</pitch>
				<duration>8</duration>
				<voice>1</voice>
				<type>quarter</type>
				<stem>up</stem>
			</note>
			<note>
				<chord/>
				<pitch>
					<step>B</step>
					<octave>4</octave>
				</pitch>
				<duration>8</duration>
				<voice>1</voice>
				<type>quarter</type>
				<stem>up</stem>
			</note>
			<note>
				<pitch>
					<step>G</step>
					<alter>1</alter>
					<octave>4</octave>
				</pitch>
				<duration>8</duration>
				<voice>1</voice>
				<type>quarter</type>
				<stem>up</stem>
			</note>
			<note>
				<chord/>
				<pitch>
					<step>B</step>
					<octave>4</octave>
				</pitch>
				<duration>8</duration>
				<voice>1</voice>
				<type>quarter</type>
				<stem>up</stem>
			</note>
			<note>
				<rest/>
				<duration>8</duration>
				<voice>1</voice>
				<type>quarter</type>
			</note>
		</measure>
	</part>
	<part id="P4">
		<measure number="0" implicit="yes">
			<attributes>
				<divisions>8</divisions>
				<key>
					<fifths>3</fifths>
					<mode>major</mode>
				</key>
				<time>
					<beats>3</beats>
					<beat-type>4</beat-type>
				</time>
				<clef>
					<sign>C</sign>
					<line>3</line>
				</clef>
			</attributes>
			<note>
				<rest/>
				<duration>8</duration>
				<voice>1</voice>
				<type>quarter</type>
			</note>
		</measure>
		<measure number="1">
			<direction placement="below">
				<direction-type>
					<dynamics>
						<p/>
					</dynamics>
				</direction-type>
				<offset>7</offset>
				<sound dynamics="54"/>
			</direction>
			<note>
				<rest/>
				<duration>8</duration>
				<voice>1</voice>
				<type>quarter</type>
			</note>
			<note>
				<pitch>
					<step>C</step>
					<alter>1</alter>
					<octave>4</octave>
				</pitch>
				<duration>8</duration>
				<voice>1</voice>
				<type>quarter</type>
				<stem>down</stem>
			</note>
			<note>
				<pitch>
					<step>C</step>
					<alter>1</alter>
					<octave>4</octave>
				</pitch>
				<duration>8</duration>
				<voice>1</voice>
				<type>quarter</type>
				<stem>down</stem>
			</note>
		</measure>
		<measure number="2">
			<note>
				<rest/>
				<duration>8</duration>
				<voice>1</voice>
				<type>quarter</type>
			</note>
			<note>
				<pitch>
					<step>B</step>
					<octave>3</octave>
				</pitch>
				<duration>8</duration>
				<voice>1</voice>
				<type>quarter</type>
				<stem>up</stem>
			</note>
			<note>
				<pitch>
					<step>B</step>
					<octave>3</octave>
				</pitch>
				<duration>8</duration>
				<voice>1</voice>
				<type>quarter</type>
				<stem>up</stem>
			</note>
		</measure>
		<measure number="3">
			<note>
				<rest/>
				<duration>8</duration>
				<voice>1</voice>
				<type>quarter</type>
			</note>
			<note>
				<pitch>
					<step>B</step>
					<octave>3</octave>
				</pitch>
				<duration>8</duration>
				<voice>1</voice>
				<type>quarter</type>
				<stem>up</stem>
			</note>
			<note>
				<pitch>
					<step>B</step>
					<octave>3</octave>
				</pitch>
				<duration>8</duration>
				<voice>1</voice>
				<type>quarter</type>
				<stem>up</stem>
			</note>
		</measure>
		<measure number="4">
			<note>
				<rest/>
				<duration>8</duration>
				<voice>1</voice>
				<type>quarter</type>
			</note>
			<note>
				<pitch>
					<step>A</step>
					<octave>3</octave>
				</pitch>
				<duration>8</duration>
				<voice>1</voice>
				<type>quarter</type>
				<stem>up</stem>
			</note>
			<note>
				<pitch>
					<step>A</step>
					<octave>3</octave>
				</pitch>
				<duration>8</duration>
				<voice>1</voice>
				<type>quarter</type>
				<stem>up</stem>
			</note>
		</measure>
		<measure number="5">
			<note>
				<rest/>
				<duration>8</duration>
				<voice>1</voice>
				<type>quarter</type>
			</note>
			<note>
				<pitch>
					<step>C</step>
					<alter>1</alter>
					<octave>4</octave>
				</pitch>
				<duration>8</duration>
				<voice>1</voice>
				<type>quarter</type>
				<stem>down</stem>
			</note>
			<note>
				<pitch>
					<step>C</step>
					<alter>1</alter>
					<octave>4</octave>
				</pitch>
				<duration>8</duration>
				<voice>1</voice>
				<type>quarter</type>
				<stem>down</stem>
			</note>
		</measure>
		<measure number="6">
			<note>
				<pitch>
					<step>B</step>
					<octave>3</octave>
				</pitch>
				<duration>8</duration>
				<voice>1</voice>
				<type>quarter</type>
				<stem>up</stem>
			</note>
			<note>
				<rest/>
				<duration>8</duration>
				<voice>1</voice>
				<type>quarter</type>
			</note>
			<note>
				<pitch>
					<step>E</step>
					<octave>4</octave>
				</pitch>
				<duration>8</duration>
				<voice>1</voice>
				<type>quarter</type>
				<stem>down</stem>
				<notations>
					<slur type="start" number="1"/>
				</notations>
			</note>
		</measure>
		<measure number="7">
			<note>
				<pitch>
					<step>D</step>
					<octave>4</octave>
				</pitch>
				<duration>16</duration>
				<voice>1</voice>
				<type>half</type>
				<stem>down</stem>
			</note>
			<note>
				<pitch>
					<step>E</step>
					<octave>4</octave>
				</pitch>
				<duration>8</duration>
				<voice>1</voice>
				<type>quarter</type>
				<stem>down</stem>
			</note>
		</measure>
		<measure number="8">
			<print new-system="yes"/>
			<note>
				<pitch>
					<step>D</step>
					<octave>4</octave>
				</pitch>
				<duration>16</duration>
				<voice>1</voice>
				<type>half</type>
				<stem>down</stem>
				<notations>
					<slur type="stop" number="1"/>
				</notations>
			</note>
			<note>
				<rest/>
				<duration>8</duration>
				<voice>1</voice>
				<type>quarter</type>
			</note>
		</measure>
		<measure number="9">
			<note>
				<rest/>
				<duration>24</duration>
				<voice>1</voice>
			</note>
		</measure>
		<measure number="10">
			<note>
				<rest/>
				<duration>24</duration>
				<voice>1</voice>
			</note>
		</measure>
		<measure number="11">
			<note>
				<pitch>
					<step>E</step>
					<octave>3</octave>
				</pitch>
				<duration>24</duration>
				<tie type="start"/>
				<voice>1</voice>
				<type>half</type>
				<dot/>
				<stem>up</stem>
				<notations>
					<tied type="start"/>
				</notations>
			</note>
		</measure>
		<measure number="12">
			<note>
				<pitch>
					<step>E</step>
					<octave>3</octave>
				</pitch>
				<duration>8</duration>
				<tie type="stop"/>
				<voice>1</voice>
				<type>quarter</type>
				<stem>up</stem>
				<notations>
					<tied type="stop"/>
				</notations>
			</note>
			<note>
				<rest/>
				<duration>8</duration>
				<voice>1</voice>
				<type>quarter</type>
			</note>
			<barline location="right">
				<bar-style>light-heavy</bar-style>
				<repeat direction="backward"/>
			</barline>
		</measure>
		<measure number="X1" implicit="yes">
			<barline location="left">
				<bar-style>heavy-light</bar-style>
				<repeat direction="forward"/>
			</barline>
			<note>
				<rest/>
				<duration>8</duration>
				<voice>1</voice>
				<type>quarter</type>
			</note>
		</measure>
		<measure number="13">
			<direction placement="above">
				<direction-type>
					<words>pizz.</words>
				</direction-type>
				<sound pizzicato="yes">
					<midi-instrument id="P4-I5">
						<midi-program>46</midi-program>
					</midi-instrument>
				</sound>
			</direction>
			<direction placement="below">
				<direction-type>
					<dynamics>
						<p/>
					</dynamics>
				</direction-type>
				<sound dynamics="54"/>
			</direction>
			<note>
				<pitch>
					<step>D</step>
					<octave>4</octave>
				</pitch>
				<duration>8</duration>
				<voice>1</voice>
				<type>quarter</type>
				<stem>down</stem>
			</note>
			<note>
				<chord/>
				<pitch>
					<step>E</step>
					<octave>4</octave>
				</pitch>
				<duration>8</duration>
				<voice>1</voice>
				<type>quarter</type>
				<stem>down</stem>
			</note>
			<note>
				<pitch>
					<step>D</step>
					<octave>4</octave>
				</pitch>
				<duration>8</duration>
				<voice>1</voice>
				<type>quarter</type>
				<stem>down</stem>
			</note>
			<note>
				<chord/>
				<pitch>
					<step>E</step>
					<octave>4</octave>
				</pitch>
				<duration>8</duration>
				<voice>1</voice>
				<type>quarter</type>
				<stem>down</stem>
			</note>
			<note>
				<rest/>
				<duration>8</duration>
				<voice>1</voice>
				<type>quarter</type>
			</note>
		</measure>
		<measure number="14">
			<note>
				<pitch>
					<step>C</step>
					<alter>1</alter>
					<octave>4</octave>
				</pitch>
				<duration>8</duration>
				<voice>1</voice>
				<type>quarter</type>
				<stem>down</stem>
			</note>
			<note>
				<chord/>
				<pitch>
					<step>E</step>
					<octave>4</octave>
				</pitch>
				<duration>8</duration>
				<voice>1</voice>
				<type>quarter</type>
				<stem>down</stem>
			</note>
			<note>
				<pitch>
					<step>C</step>
					<alter>1</alter>
					<octave>4</octave>
				</pitch>
				<duration>8</duration>
				<voice>1</voice>
				<type>quarter</type>
				<stem>down</stem>
			</note>
			<note>
				<chord/>
				<pitch>
					<step>E</step>
					<octave>4</octave>
				</pitch>
				<duration>8</duration>
				<voice>1</voice>
				<type>quarter</type>
				<stem>down</stem>
			</note>
			<note>
				<rest/>
				<duration>8</duration>
				<voice>1</voice>
				<type>quarter</type>
			</note>
		</measure>
		<measure number="15">
			<note>
				<pitch>
					<step>E</step>
					<octave>4</octave>
				</pitch>
				<duration>8</duration>
				<voice>1</voice>
				<type>quarter</type>
				<stem>down</stem>
			</note>
			<note>
				<pitch>
					<step>E</step>
					<octave>4</octave>
				</pitch>
				<duration>8</duration>
				<voice>1</voice>
				<type>quarter</type>
				<stem>down</stem>
			</note>
			<note>
				<pitch>
					<step>E</step>
					<octave>4</octave>
				</pitch>
				<duration>8</duration>
				<voice>1</voice>
				<type>quarter</type>
				<stem>down</stem>
			</note>
		</measure>
		<measure number="16">
			<note>
				<pitch>
					<step>E</step>
					<octave>4</octave>
				</pitch>
				<duration>8</duration>
				<voice>1</voice>
				<type>quarter</type>
				<stem>down</stem>
			</note>
			<note>
				<pitch>
					<step>E</step>
					<octave>4</octave>
				</pitch>
				<duration>8</duration>
				<voice>1</voice>
				<type>quarter</type>
				<stem>down</stem>
			</note>
			<note>
				<rest/>
				<duration>8</duration>
				<voice>1</voice>
				<type>quarter</type>
			</note>
		</measure>
	</part>
	<part id="P5">
		<measure number="0" implicit="yes">
			<attributes>
				<divisions>8</divisions>
				<key>
					<fifths>3</fifths>
					<mode>major</mode>
				</key>
				<time>
					<beats>3</beats>
					<beat-type>4</beat-type>
				</time>
				<clef>
					<sign>F</sign>
					<line>4</line>
				</clef>
			</attributes>
			<note>
				<rest/>
				<duration>8</duration>
				<voice>1</voice>
				<type>quarter</type>
			</note>
		</measure>
		<measure number="1">
			<direction placement="below">
				<direction-type>
					<dynamics relative-y="8">
						<p/>
					</dynamics>
				</direction-type>
				<sound dynamics="54"/>
			</direction>
			<note>
				<pitch>
					<step>A</step>
					<octave>3</octave>
				</pitch>
				<duration>8</duration>
				<voice>1</voice>
				<type>quarter</type>
				<stem>down</stem>
			</note>
			<note>
				<rest/>
				<duration>8</duration>
				<voice>1</voice>
				<type>quarter</type>
			</note>
			<note>
				<rest/>
				<duration>8</duration>
				<voice>1</voice>
				<type>quarter</type>
			</note>
		</measure>
		<measure number="2">
			<note>
				<pitch>
					<step>D</step>
					<octave>3</octave>
				</pitch>
				<duration>8</duration>
				<voice>1</voice>
				<type>quarter</type>
				<stem>down</stem>
			</note>
			<note>
				<rest/>
				<duration>8</duration>
				<voice>1</voice>
				<type>quarter</type>
			</note>
			<note>
				<rest/>
				<duration>8</duration>
				<voice>1</voice>
				<type>quarter</type>
			</note>
		</measure>
		<measure number="3">
			<note>
				<pitch>
					<step>E</step>
					<octave>3</octave>
				</pitch>
				<duration>8</duration>
				<voice>1</voice>
				<type>quarter</type>
				<stem>down</stem>
			</note>
			<note>
				<rest/>
				<duration>8</duration>
				<voice>1</voice>
				<type>quarter</type>
			</note>
			<note>
				<rest/>
				<duration>8</duration>
				<voice>1</voice>
				<type>quarter</type>
			</note>
		</measure>
		<measure number="4">
			<note>
				<pitch>
					<step>F</step>
					<alter>1</alter>
					<octave>3</octave>
				</pitch>
				<duration>8</duration>
				<voice>1</voice>
				<type>quarter</type>
				<stem>down</stem>
			</note>
			<note>
				<rest/>
				<duration>8</duration>
				<voice>1</voice>
				<type>quarter</type>
			</note>
			<note>
				<rest/>
				<duration>8</duration>
				<voice>1</voice>
				<type>quarter</type>
			</note>
		</measure>
		<measure number="5">
			<note>
				<pitch>
					<step>C</step>
					<alter>1</alter>
					<octave>3</octave>
				</pitch>
				<duration>8</duration>
				<voice>1</voice>
				<type>quarter</type>
				<stem>up</stem>
			</note>
			<note>
				<rest/>
				<duration>8</duration>
				<voice>1</voice>
				<type>quarter</type>
			</note>
			<note>
				<rest/>
				<duration>8</duration>
				<voice>1</voice>
				<type>quarter</type>
			</note>
		</measure>
		<measure number="6">
			<note>
				<pitch>
					<step>D</step>
					<octave>3</octave>
				</pitch>
				<duration>8</duration>
				<voice>1</voice>
				<type>quarter</type>
				<stem>down</stem>
			</note>
			<note>
				<rest/>
				<duration>8</duration>
				<voice>1</voice>
				<type>quarter</type>
			</note>
			<note>
				<rest/>
				<duration>8</duration>
				<voice>1</voice>
				<type>quarter</type>
			</note>
		</measure>
		<measure number="7">
			<note>
				<rest/>
				<duration>24</duration>
				<voice>1</voice>
			</note>
		</measure>
		<measure number="8">
			<print new-system="yes"/>
			<note>
				<rest/>
				<duration>24</duration>
				<voice>1</voice>
			</note>
		</measure>
		<measure number="9">
			<note>
				<rest/>
				<duration>24</duration>
				<voice>1</voice>
			</note>
		</measure>
		<measure number="10">
			<note>
				<rest/>
				<duration>24</duration>
				<voice>1</voice>
			</note>
		</measure>
		<measure number="11">
			<note>
				<pitch>
					<step>E</step>
					<octave>2</octave>
				</pitch>
				<duration>8</duration>
				<voice>1</voice>
				<type>quarter</type>
				<stem>up</stem>
				<notations>
					<slur type="start" number="1"/>
					<articulations>
						<staccato placement="below"/>
					</articulations>
				</notations>
			</note>
			<note>
				<pitch>
					<step>E</step>
					<octave>2</octave>
				</pitch>
				<duration>8</duration>
				<voice>1</voice>
				<type>quarter</type>
				<stem>up</stem>
				<notations>
					<articulations>
						<staccato placement="below"/>
					</articulations>
				</notations>
			</note>
			<note>
				<pitch>
					<step>E</step>
					<octave>2</octave>
				</pitch>
				<duration>8</duration>
				<voice>1</voice>
				<type>quarter</type>
				<stem>up</stem>
				<notations>
					<slur type="stop" number="1"/>
					<articulations>
						<staccato placement="below"/>
					</articulations>
				</notations>
			</note>
		</measure>
		<measure number="12">
			<note>
				<pitch>
					<step>A</step>
					<octave>2</octave>
				</pitch>
				<duration>8</duration>
				<voice>1</voice>
				<type>quarter</type>
				<stem>up</stem>
			</note>
			<note>
				<rest/>
				<duration>8</duration>
				<voice>1</voice>
				<type>quarter</type>
			</note>
			<barline location="right">
				<bar-style>light-heavy</bar-style>
				<repeat direction="backward"/>
			</barline>
		</measure>
		<measure number="X1" implicit="yes">
			<barline location="left">
				<bar-style>heavy-light</bar-style>
				<repeat direction="forward"/>
			</barline>
			<note>
				<rest/>
				<duration>8</duration>
				<voice>1</voice>
				<type>quarter</type>
			</note>
		</measure>
		<measure number="13">
			<direction placement="below">
				<direction-type>
					<dynamics>
						<p/>
					</dynamics>
				</direction-type>
				<sound dynamics="54"/>
			</direction>
			<direction placement="above">
				<direction-type>
					<words>pizz.</words>
				</direction-type>
				<sound pizzicato="yes">
					<midi-instrument id="P5-I6">
						<midi-program>46</midi-program>
					</midi-instrument>
				</sound>
			</direction>
			<note>
				<pitch>
					<step>E</step>
					<octave>3</octave>
				</pitch>
				<duration>8</duration>
				<voice>1</voice>
				<type>quarter</type>
				<stem>down</stem>
			</note>
			<note>
				<pitch>
					<step>E</step>
					<octave>3</octave>
				</pitch>
				<duration>8</duration>
				<voice>1</voice>
				<type>quarter</type>
				<stem>down</stem>
			</note>
			<note>
				<rest/>
				<duration>8</duration>
				<voice>1</voice>
				<type>quarter</type>
			</note>
		</measure>
		<measure number="14">
			<note>
				<pitch>
					<step>E</step>
					<octave>3</octave>
				</pitch>
				<duration>8</duration>
				<voice>1</voice>
				<type>quarter</type>
				<stem>down</stem>
			</note>
			<note>
				<pitch>
					<step>E</step>
					<octave>3</octave>
				</pitch>
				<duration>8</duration>
				<voice>1</voice>
				<type>quarter</type>
				<stem>down</stem>
			</note>
			<note>
				<rest/>
				<duration>8</duration>
				<voice>1</voice>
				<type>quarter</type>
			</note>
		</measure>
		<measure number="15">
			<note>
				<pitch>
					<step>E</step>
					<octave>3</octave>
				</pitch>
				<duration>8</duration>
				<voice>1</voice>
				<type>quarter</type>
				<stem>down</stem>
			</note>
			<note>
				<pitch>
					<step>E</step>
					<octave>3</octave>
				</pitch>
				<duration>8</duration>
				<voice>1</voice>
				<type>quarter</type>
				<stem>down</stem>
			</note>
			<note>
				<pitch>
					<step>E</step>
					<octave>3</octave>
				</pitch>
				<duration>8</duration>
				<voice>1</voice>
				<type>quarter</type>
				<stem>down</stem>
			</note>
		</measure>
		<measure number="16">
			<note>
				<pitch>
					<step>E</step>
					<octave>3</octave>
				</pitch>
				<duration>8</duration>
				<voice>1</voice>
				<type>quarter</type>
				<stem>down</stem>
			</note>
			<note>
				<pitch>
					<step>E</step>
					<octave>2</octave>
				</pitch>
				<duration>8</duration>
				<voice>1</voice>
				<type>quarter</type>
				<stem>up</stem>
			</note>
			<note>
				<rest/>
				<duration>8</duration>
				<voice>1</voice>
				<type>quarter</type>
			</note>
		</measure>
	</part>
</score-partwise>
