<?xml version="1.0" standalone="no"?>
<!DOCTYPE score-partwise PUBLIC "-//Recordare//DTD MusicXML 1.0 Partwise//EN" "http://www.musicxml.org/dtds/partwise.dtd">
<score-partwise>
	<work>
		<work-number>K. 331</work-number>
		<work-title>Piano Sonata in A Major</work-title>
	</work>
	<identification>
		<creator type="composer">Wolfgang Amadeus Mozart</creator>
		<rights>Copyright © 2003 Recordare LLC</rights>
		<encoding>
			<software>Finale 2003 for Windows</software>
			<software>Dolet for Finale 1.3</software>
			<encoding-date>2003-03-14</encoding-date>
		</encoding>
	</identification>
	<part-list>
		<score-part id="P1">
			<part-name>Piano</part-name>
			<score-instrument id="P1-I1">
				<instrument-name>Acoustic Grand Piano</instrument-name>
			</score-instrument>
			<midi-instrument id="P1-I1">
				<midi-channel>1</midi-channel>
				<midi-program>1</midi-program>
			</midi-instrument>
		</score-part>
	</part-list>
	<part id="P1">
		<measure number="1">
			<attributes>
				<divisions>4</divisions>
				<key>
					<fifths>3</fifths>
					<mode>major</mode>
				</key>
				<time>
					<beats>2</beats>
					<beat-type>4</beat-type>
				</time>
				<staves>2</staves>
				<clef number="1">
					<sign>G</sign>
					<line>2</line>
				</clef>
				<clef number="2">
					<sign>F</sign>
					<line>4</line>
				</clef>
			</attributes>
			<note>
				<pitch>
					<step>C</step>
					<alter>1</alter>
					<octave>6</octave>
				</pitch>
				<duration>8</duration>
				<voice>1</voice>
				<type>half</type>
				<stem>up</stem>
				<staff>1</staff>
				<notations>
					<arpeggiate/>
				</notations>
			</note>
			<backup>
				<duration>8</duration>
			</backup>
			<note>
				<pitch>
					<step>C</step>
					<alter>1</alter>
					<octave>5</octave>
				</pitch>
				<duration>4</duration>
				<voice>2</voice>
				<type>quarter</type>
				<stem>down</stem>
				<staff>1</staff>
				<notations>
					<arpeggiate/>
				</notations>
			</note>
			<note>
				<chord/>
				<pitch>
					<step>E</step>
					<octave>5</octave>
				</pitch>
				<duration>4</duration>
				<voice>2</voice>
				<type>quarter</type>
				<stem>down</stem>
				<staff>1</staff>
				<notations>
					<arpeggiate/>
				</notations>
			</note>
			<note>
				<chord/>
				<pitch>
					<step>A</step>
					<octave>5</octave>
				</pitch>
				<duration>4</duration>
				<voice>2</voice>
				<type>quarter</type>
				<stem>down</stem>
				<staff>1</staff>
				<notations>
					<arpeggiate/>
				</notations>
			</note>
			<forward>
				<duration>4</duration>
				<voice>2</voice>
				<staff>1</staff>
			</forward>
			<backup>
				<duration>8</duration>
			</backup>
			<note>
				<grace/>
				<pitch>
					<step>A</step>
					<octave>2</octave>
				</pitch>
				<voice>3</voice>
				<type>16th</type>
				<stem>up</stem>
				<staff>2</staff>
				<beam number="1">begin</beam>
				<beam number="2">begin</beam>
				<notations>
					<slur type="start" placement="above" number="1"/>
				</notations>
			</note>
			<note>
				<grace/>
				<pitch>
					<step>C</step>
					<alter>1</alter>
					<octave>3</octave>
				</pitch>
				<voice>3</voice>
				<type>16th</type>
				<stem>up</stem>
				<staff>2</staff>
				<beam number="1">continue</beam>
				<beam number="2">continue</beam>
			</note>
			<note>
				<grace/>
				<pitch>
					<step>E</step>
					<octave>3</octave>
				</pitch>
				<voice>3</voice>
				<type>16th</type>
				<stem>up</stem>
				<staff>2</staff>
				<beam number="1">end</beam>
				<beam number="2">end</beam>
			</note>
			<note>
				<pitch>
					<step>A</step>
					<octave>3</octave>
				</pitch>
				<duration>2</duration>
				<voice>3</voice>
				<type>eighth</type>
				<stem>down</stem>
				<staff>2</staff>
				<beam number="1">begin</beam>
				<notations>
					<slur type="stop" number="1"/>
				</notations>
			</note>
			<note>
				<pitch>
					<step>A</step>
					<octave>3</octave>
				</pitch>
				<duration>2</duration>
				<voice>3</voice>
				<type>eighth</type>
				<stem>down</stem>
				<staff>2</staff>
				<beam number="1">continue</beam>
			</note>
			<note>
				<pitch>
					<step>A</step>
					<octave>3</octave>
				</pitch>
				<duration>2</duration>
				<voice>3</voice>
				<type>eighth</type>
				<stem>down</stem>
				<staff>2</staff>
				<beam number="1">continue</beam>
			</note>
			<note>
				<pitch>
					<step>A</step>
					<octave>3</octave>
				</pitch>
				<duration>2</duration>
				<voice>3</voice>
				<type>eighth</type>
				<stem>down</stem>
				<staff>2</staff>
				<beam number="1">end</beam>
			</note>
		</measure>
		<measure number="2">
			<note>
				<pitch>
					<step>D</step>
					<octave>6</octave>
				</pitch>
				<duration>1</duration>
				<voice>1</voice>
				<type>16th</type>
				<stem>down</stem>
				<staff>1</staff>
				<beam number="1">begin</beam>
				<beam number="2">begin</beam>
				<notations>
					<slur type="start" number="1"/>
				</notations>
			</note>
			<note>
				<pitch>
					<step>C</step>
					<alter>1</alter>
					<octave>6</octave>
				</pitch>
				<duration>1</duration>
				<voice>1</voice>
				<type>16th</type>
				<stem>down</stem>
				<staff>1</staff>
				<beam number="1">continue</beam>
				<beam number="2">continue</beam>
				<notations>
					<slur type="stop" number="1"/>
				</notations>
			</note>
			<note>
				<pitch>
					<step>B</step>
					<octave>5</octave>
				</pitch>
				<duration>1</duration>
				<voice>1</voice>
				<type>16th</type>
				<stem>down</stem>
				<staff>1</staff>
				<beam number="1">continue</beam>
				<beam number="2">continue</beam>
				<notations>
					<articulations>
						<staccato placement="above"/>
					</articulations>
				</notations>
			</note>
			<note>
				<pitch>
					<step>C</step>
					<alter>1</alter>
					<octave>6</octave>
				</pitch>
				<duration>1</duration>
				<voice>1</voice>
				<type>16th</type>
				<stem>down</stem>
				<staff>1</staff>
				<beam number="1">end</beam>
				<beam number="2">end</beam>
				<notations>
					<articulations>
						<staccato placement="above"/>
					</articulations>
				</notations>
			</note>
			<note>
				<pitch>
					<step>D</step>
					<octave>6</octave>
				</pitch>
				<duration>1</duration>
				<voice>1</voice>
				<type>16th</type>
				<stem>down</stem>
				<staff>1</staff>
				<beam number="1">begin</beam>
				<beam number="2">begin</beam>
				<notations>
					<slur type="start" number="1"/>
				</notations>
			</note>
			<note>
				<pitch>
					<step>C</step>
					<alter>1</alter>
					<octave>6</octave>
				</pitch>
				<duration>1</duration>
				<voice>1</voice>
				<type>16th</type>
				<stem>down</stem>
				<staff>1</staff>
				<beam number="1">continue</beam>
				<beam number="2">continue</beam>
				<notations>
					<slur type="stop" number="1"/>
				</notations>
			</note>
			<note>
				<pitch>
					<step>B</step>
					<octave>5</octave>
				</pitch>
				<duration>1</duration>
				<voice>1</voice>
				<type>16th</type>
				<stem>down</stem>
				<staff>1</staff>
				<beam number="1">continue</beam>
				<beam number="2">continue</beam>
				<notations>
					<articulations>
						<staccato placement="above"/>
					</articulations>
				</notations>
			</note>
			<note>
				<pitch>
					<step>C</step>
					<alter>1</alter>
					<octave>6</octave>
				</pitch>
				<duration>1</duration>
				<voice>1</voice>
				<type>16th</type>
				<stem>down</stem>
				<staff>1</staff>
				<beam number="1">end</beam>
				<beam number="2">end</beam>
				<notations>
					<articulations>
						<staccato placement="above"/>
					</articulations>
				</notations>
			</note>
			<backup>
				<duration>8</duration>
			</backup>
			<note>
				<grace/>
				<pitch>
					<step>A</step>
					<octave>2</octave>
				</pitch>
				<voice>3</voice>
				<type>16th</type>
				<stem>up</stem>
				<staff>2</staff>
				<beam number="1">begin</beam>
				<beam number="2">begin</beam>
				<notations>
					<slur type="start" placement="above" number="1"/>
				</notations>
			</note>
			<note>
				<grace/>
				<pitch>
					<step>C</step>
					<alter>1</alter>
					<octave>3</octave>
				</pitch>
				<voice>3</voice>
				<type>16th</type>
				<stem>up</stem>
				<staff>2</staff>
				<beam number="1">continue</beam>
				<beam number="2">continue</beam>
			</note>
			<note>
				<grace/>
				<pitch>
					<step>E</step>
					<octave>3</octave>
				</pitch>
				<voice>3</voice>
				<type>16th</type>
				<stem>up</stem>
				<staff>2</staff>
				<beam number="1">end</beam>
				<beam number="2">end</beam>
			</note>
			<note>
				<pitch>
					<step>A</step>
					<octave>3</octave>
				</pitch>
				<duration>2</duration>
				<voice>3</voice>
				<type>eighth</type>
				<stem>down</stem>
				<staff>2</staff>
				<beam number="1">begin</beam>
				<notations>
					<slur type="stop" number="1"/>
				</notations>
			</note>
			<note>
				<pitch>
					<step>A</step>
					<octave>3</octave>
				</pitch>
				<duration>2</duration>
				<voice>3</voice>
				<type>eighth</type>
				<stem>down</stem>
				<staff>2</staff>
				<beam number="1">continue</beam>
			</note>
			<note>
				<pitch>
					<step>A</step>
					<octave>3</octave>
				</pitch>
				<duration>2</duration>
				<voice>3</voice>
				<type>eighth</type>
				<stem>down</stem>
				<staff>2</staff>
				<beam number="1">continue</beam>
			</note>
			<note>
				<pitch>
					<step>A</step>
					<octave>3</octave>
				</pitch>
				<duration>2</duration>
				<voice>3</voice>
				<type>eighth</type>
				<stem>down</stem>
				<staff>2</staff>
				<beam number="1">end</beam>
			</note>
		</measure>
		<measure number="3">
			<note>
				<pitch>
					<step>F</step>
					<alter>1</alter>
					<octave>5</octave>
				</pitch>
				<duration>8</duration>
				<voice>1</voice>
				<type>half</type>
				<stem>down</stem>
				<staff>1</staff>
			</note>
			<note>
				<chord/>
				<pitch>
					<step>A</step>
					<octave>5</octave>
				</pitch>
				<duration>8</duration>
				<voice>1</voice>
				<type>half</type>
				<stem>down</stem>
				<staff>1</staff>
			</note>
			<note>
				<chord/>
				<pitch>
					<step>D</step>
					<octave>6</octave>
				</pitch>
				<duration>8</duration>
				<voice>1</voice>
				<type>half</type>
				<stem>down</stem>
				<staff>1</staff>
			</note>
			<backup>
				<duration>8</duration>
			</backup>
			<note>
				<grace/>
				<pitch>
					<step>D</step>
					<octave>2</octave>
				</pitch>
				<voice>3</voice>
				<type>16th</type>
				<stem>up</stem>
				<staff>2</staff>
				<beam number="1">begin</beam>
				<beam number="2">begin</beam>
				<notations>
					<slur type="start" placement="above" number="1"/>
				</notations>
			</note>
			<note>
				<grace/>
				<pitch>
					<step>F</step>
					<alter>1</alter>
					<octave>2</octave>
				</pitch>
				<voice>3</voice>
				<type>16th</type>
				<stem>up</stem>
				<staff>2</staff>
				<beam number="1">continue</beam>
				<beam number="2">continue</beam>
			</note>
			<note>
				<grace/>
				<pitch>
					<step>A</step>
					<octave>2</octave>
				</pitch>
				<voice>3</voice>
				<type>16th</type>
				<stem>up</stem>
				<staff>2</staff>
				<beam number="1">end</beam>
				<beam number="2">end</beam>
			</note>
			<note>
				<pitch>
					<step>D</step>
					<octave>3</octave>
				</pitch>
				<duration>2</duration>
				<voice>3</voice>
				<type>eighth</type>
				<stem>down</stem>
				<staff>2</staff>
				<beam number="1">begin</beam>
				<notations>
					<slur type="stop" number="1"/>
				</notations>
			</note>
			<note>
				<pitch>
					<step>D</step>
					<octave>3</octave>
				</pitch>
				<duration>2</duration>
				<voice>3</voice>
				<type>eighth</type>
				<stem>down</stem>
				<staff>2</staff>
				<beam number="1">continue</beam>
			</note>
			<note>
				<pitch>
					<step>D</step>
					<octave>3</octave>
				</pitch>
				<duration>2</duration>
				<voice>3</voice>
				<type>eighth</type>
				<stem>down</stem>
				<staff>2</staff>
				<beam number="1">continue</beam>
			</note>
			<note>
				<pitch>
					<step>D</step>
					<octave>3</octave>
				</pitch>
				<duration>2</duration>
				<voice>3</voice>
				<type>eighth</type>
				<stem>down</stem>
				<staff>2</staff>
				<beam number="1">end</beam>
			</note>
		</measure>
		<measure number="4">
			<note>
				<grace/>
				<pitch>
					<step>D</step>
					<octave>6</octave>
				</pitch>
				<voice>1</voice>
				<type>16th</type>
				<stem>up</stem>
				<staff>1</staff>
				<notations>
					<slur type="start" placement="below" number="1"/>
				</notations>
			</note>
			<note>
				<pitch>
					<step>E</step>
					<octave>5</octave>
				</pitch>
				<duration>2</duration>
				<voice>1</voice>
				<type>eighth</type>
				<stem>down</stem>
				<staff>1</staff>
				<beam number="1">begin</beam>
				<notations>
					<slur type="stop" number="1"/>
				</notations>
			</note>
			<note>
				<chord/>
				<pitch>
					<step>A</step>
					<octave>5</octave>
				</pitch>
				<duration>2</duration>
				<voice>1</voice>
				<type>eighth</type>
				<stem>down</stem>
				<staff>1</staff>
			</note>
			<note>
				<chord/>
				<pitch>
					<step>C</step>
					<alter>1</alter>
					<octave>6</octave>
				</pitch>
				<duration>2</duration>
				<voice>1</voice>
				<type>eighth</type>
				<stem>down</stem>
				<staff>1</staff>
			</note>
			<note>
				<grace/>
				<pitch>
					<step>D</step>
					<octave>6</octave>
				</pitch>
				<voice>1</voice>
				<type>16th</type>
				<stem>up</stem>
				<staff>1</staff>
				<notations>
					<slur type="start" placement="below" number="1"/>
				</notations>
			</note>
			<note>
				<pitch>
					<step>E</step>
					<octave>5</octave>
				</pitch>
				<duration>2</duration>
				<voice>1</voice>
				<type>eighth</type>
				<stem>down</stem>
				<staff>1</staff>
				<beam number="1">continue</beam>
				<notations>
					<slur type="stop" number="1"/>
				</notations>
			</note>
			<note>
				<chord/>
				<pitch>
					<step>A</step>
					<octave>5</octave>
				</pitch>
				<duration>2</duration>
				<voice>1</voice>
				<type>eighth</type>
				<stem>down</stem>
				<staff>1</staff>
			</note>
			<note>
				<chord/>
				<pitch>
					<step>C</step>
					<alter>1</alter>
					<octave>6</octave>
				</pitch>
				<duration>2</duration>
				<voice>1</voice>
				<type>eighth</type>
				<stem>down</stem>
				<staff>1</staff>
			</note>
			<note>
				<grace/>
				<pitch>
					<step>D</step>
					<octave>6</octave>
				</pitch>
				<voice>1</voice>
				<type>16th</type>
				<stem>up</stem>
				<staff>1</staff>
				<notations>
					<slur type="start" placement="below" number="1"/>
				</notations>
			</note>
			<note>
				<pitch>
					<step>E</step>
					<octave>5</octave>
				</pitch>
				<duration>2</duration>
				<voice>1</voice>
				<type>eighth</type>
				<stem>down</stem>
				<staff>1</staff>
				<beam number="1">continue</beam>
				<notations>
					<slur type="stop" number="1"/>
				</notations>
			</note>
			<note>
				<chord/>
				<pitch>
					<step>A</step>
					<octave>5</octave>
				</pitch>
				<duration>2</duration>
				<voice>1</voice>
				<type>eighth</type>
				<stem>down</stem>
				<staff>1</staff>
			</note>
			<note>
				<chord/>
				<pitch>
					<step>C</step>
					<alter>1</alter>
					<octave>6</octave>
				</pitch>
				<duration>2</duration>
				<voice>1</voice>
				<type>eighth</type>
				<stem>down</stem>
				<staff>1</staff>
			</note>
			<note>
				<grace/>
				<pitch>
					<step>D</step>
					<octave>6</octave>
				</pitch>
				<voice>1</voice>
				<type>16th</type>
				<stem>up</stem>
				<staff>1</staff>
				<notations>
					<slur type="start" placement="below" number="1"/>
				</notations>
			</note>
			<note>
				<pitch>
					<step>E</step>
					<octave>5</octave>
				</pitch>
				<duration>2</duration>
				<voice>1</voice>
				<type>eighth</type>
				<stem>down</stem>
				<staff>1</staff>
				<beam number="1">end</beam>
				<notations>
					<slur type="stop" number="1"/>
				</notations>
			</note>
			<note>
				<chord/>
				<pitch>
					<step>A</step>
					<octave>5</octave>
				</pitch>
				<duration>2</duration>
				<voice>1</voice>
				<type>eighth</type>
				<stem>down</stem>
				<staff>1</staff>
			</note>
			<note>
				<chord/>
				<pitch>
					<step>C</step>
					<alter>1</alter>
					<octave>6</octave>
				</pitch>
				<duration>2</duration>
				<voice>1</voice>
				<type>eighth</type>
				<stem>down</stem>
				<staff>1</staff>
			</note>
			<backup>
				<duration>8</duration>
			</backup>
			<note>
				<grace/>
				<pitch>
					<step>A</step>
					<octave>2</octave>
				</pitch>
				<voice>3</voice>
				<type>16th</type>
				<stem>up</stem>
				<staff>2</staff>
				<beam number="1">begin</beam>
				<beam number="2">begin</beam>
				<notations>
					<slur type="start" placement="above" number="1"/>
				</notations>
			</note>
			<note>
				<grace/>
				<pitch>
					<step>C</step>
					<alter>1</alter>
					<octave>3</octave>
				</pitch>
				<voice>3</voice>
				<type>16th</type>
				<stem>up</stem>
				<staff>2</staff>
				<beam number="1">continue</beam>
				<beam number="2">continue</beam>
			</note>
			<note>
				<grace/>
				<pitch>
					<step>E</step>
					<octave>3</octave>
				</pitch>
				<voice>3</voice>
				<type>16th</type>
				<stem>up</stem>
				<staff>2</staff>
				<beam number="1">end</beam>
				<beam number="2">end</beam>
			</note>
			<note>
				<pitch>
					<step>A</step>
					<octave>3</octave>
				</pitch>
				<duration>2</duration>
				<voice>3</voice>
				<type>eighth</type>
				<stem>down</stem>
				<staff>2</staff>
				<beam number="1">begin</beam>
				<notations>
					<slur type="stop" number="1"/>
				</notations>
			</note>
			<note>
				<pitch>
					<step>A</step>
					<octave>3</octave>
				</pitch>
				<duration>2</duration>
				<voice>3</voice>
				<type>eighth</type>
				<stem>down</stem>
				<staff>2</staff>
				<beam number="1">continue</beam>
			</note>
			<note>
				<pitch>
					<step>A</step>
					<octave>3</octave>
				</pitch>
				<duration>2</duration>
				<voice>3</voice>
				<type>eighth</type>
				<stem>down</stem>
				<staff>2</staff>
				<beam number="1">continue</beam>
			</note>
			<note>
				<pitch>
					<step>A</step>
					<octave>3</octave>
				</pitch>
				<duration>2</duration>
				<voice>3</voice>
				<type>eighth</type>
				<stem>down</stem>
				<staff>2</staff>
				<beam number="1">end</beam>
			</note>
		</measure>
		<measure number="5">
			<note>
				<pitch>
					<step>B</step>
					<octave>5</octave>
				</pitch>
				<duration>6</duration>
				<voice>1</voice>
				<type>quarter</type>
				<dot/>
				<stem>up</stem>
				<staff>1</staff>
				<notations>
					<slur type="start" number="1"/>
				</notations>
			</note>
			<note>
				<pitch>
					<step>E</step>
					<octave>6</octave>
				</pitch>
				<duration>2</duration>
				<voice>1</voice>
				<type>eighth</type>
				<stem>up</stem>
				<staff>1</staff>
				<notations>
					<slur type="stop" number="1"/>
				</notations>
			</note>
			<backup>
				<duration>8</duration>
			</backup>
			<note>
				<pitch>
					<step>E</step>
					<octave>5</octave>
				</pitch>
				<duration>8</duration>
				<voice>2</voice>
				<type>half</type>
				<stem>down</stem>
				<staff>1</staff>
			</note>
			<note>
				<chord/>
				<pitch>
					<step>G</step>
					<alter>1</alter>
					<octave>5</octave>
				</pitch>
				<duration>8</duration>
				<voice>2</voice>
				<type>half</type>
				<stem>down</stem>
				<staff>1</staff>
			</note>
			<backup>
				<duration>8</duration>
			</backup>
			<note>
				<grace/>
				<pitch>
					<step>E</step>
					<octave>2</octave>
				</pitch>
				<voice>3</voice>
				<type>16th</type>
				<stem>up</stem>
				<staff>2</staff>
				<beam number="1">begin</beam>
				<beam number="2">begin</beam>
				<notations>
					<slur type="start" placement="above" number="1"/>
				</notations>
			</note>
			<note>
				<grace/>
				<pitch>
					<step>G</step>
					<alter>1</alter>
					<octave>2</octave>
				</pitch>
				<voice>3</voice>
				<type>16th</type>
				<stem>up</stem>
				<staff>2</staff>
				<beam number="1">continue</beam>
				<beam number="2">continue</beam>
			</note>
			<note>
				<grace/>
				<pitch>
					<step>B</step>
					<octave>2</octave>
				</pitch>
				<voice>3</voice>
				<type>16th</type>
				<stem>up</stem>
				<staff>2</staff>
				<beam number="1">end</beam>
				<beam number="2">end</beam>
			</note>
			<note>
				<pitch>
					<step>E</step>
					<octave>3</octave>
				</pitch>
				<duration>2</duration>
				<voice>3</voice>
				<type>eighth</type>
				<stem>down</stem>
				<staff>2</staff>
				<beam number="1">begin</beam>
				<notations>
					<slur type="stop" number="1"/>
				</notations>
			</note>
			<note>
				<pitch>
					<step>E</step>
					<octave>3</octave>
				</pitch>
				<duration>2</duration>
				<voice>3</voice>
				<type>eighth</type>
				<stem>down</stem>
				<staff>2</staff>
				<beam number="1">continue</beam>
			</note>
			<note>
				<pitch>
					<step>E</step>
					<octave>3</octave>
				</pitch>
				<duration>2</duration>
				<voice>3</voice>
				<type>eighth</type>
				<stem>down</stem>
				<staff>2</staff>
				<beam number="1">continue</beam>
			</note>
			<note>
				<pitch>
					<step>E</step>
					<octave>3</octave>
				</pitch>
				<duration>2</duration>
				<voice>3</voice>
				<type>eighth</type>
				<stem>down</stem>
				<staff>2</staff>
				<beam number="1">end</beam>
			</note>
		</measure>
	</part>
</score-partwise>
