<?xml version="1.0" standalone="no"?>
<!DOCTYPE score-partwise PUBLIC "-//Recordare//DTD MusicXML 1.0 Partwise//EN" "http://www.musicxml.org/dtds/partwise.dtd">
<score-partwise>
	<movement-title>Saltarello</movement-title>
	<identification>
		<creator type="composer">Anonymous</creator>
		<rights>Copyright © 2003 Recordare LLC</rights>
		<encoding>
			<software>Finale 2003 for Windows</software>
			<software>Dolet for Finale 1.3</software>
			<encoding-date>2003-03-14</encoding-date>
		</encoding>
	</identification>
	<part-list>
		<score-part id="P1">
			<part-name>MusicXML Part</part-name>
		</score-part>
	</part-list>
	<part id="P1">
		<measure number="1">
			<attributes>
				<divisions>4</divisions>
				<key>
					<fifths>0</fifths>
					<mode>major</mode>
				</key>
				<time>
					<beats>6</beats>
					<beat-type>8</beat-type>
				</time>
				<clef>
					<sign>C</sign>
					<line>3</line>
				</clef>
			</attributes>
			<direction placement="above">
				<direction-type>
					<words relative-y="7" relative-x="-8">1.</words>
				</direction-type>
			</direction>
			<note>
				<pitch>
					<step>C</step>
					<octave>4</octave>
				</pitch>
				<duration>2</duration>
				<voice>1</voice>
				<type>eighth</type>
				<stem>up</stem>
				<beam number="1">begin</beam>
			</note>
			<note>
				<pitch>
					<step>B</step>
					<octave>3</octave>
				</pitch>
				<duration>2</duration>
				<voice>1</voice>
				<type>eighth</type>
				<stem>up</stem>
				<beam number="1">continue</beam>
			</note>
			<note>
				<pitch>
					<step>A</step>
					<octave>3</octave>
				</pitch>
				<duration>2</duration>
				<voice>1</voice>
				<type>eighth</type>
				<stem>up</stem>
				<beam number="1">end</beam>
			</note>
			<note>
				<pitch>
					<step>G</step>
					<octave>3</octave>
				</pitch>
				<duration>2</duration>
				<voice>1</voice>
				<type>eighth</type>
				<stem>up</stem>
				<beam number="1">begin</beam>
			</note>
			<note>
				<pitch>
					<step>A</step>
					<octave>3</octave>
				</pitch>
				<duration>2</duration>
				<voice>1</voice>
				<type>eighth</type>
				<stem>up</stem>
				<beam number="1">continue</beam>
			</note>
			<note>
				<pitch>
					<step>B</step>
					<octave>3</octave>
				</pitch>
				<duration>2</duration>
				<voice>1</voice>
				<type>eighth</type>
				<stem>up</stem>
				<beam number="1">end</beam>
			</note>
		</measure>
		<measure number="2">
			<note>
				<pitch>
					<step>C</step>
					<octave>4</octave>
				</pitch>
				<duration>2</duration>
				<voice>1</voice>
				<type>eighth</type>
				<stem>down</stem>
				<beam number="1">begin</beam>
			</note>
			<note>
				<pitch>
					<step>D</step>
					<octave>4</octave>
				</pitch>
				<duration>2</duration>
				<voice>1</voice>
				<type>eighth</type>
				<stem>down</stem>
				<beam number="1">continue</beam>
			</note>
			<note>
				<pitch>
					<step>B</step>
					<octave>3</octave>
				</pitch>
				<duration>2</duration>
				<voice>1</voice>
				<type>eighth</type>
				<stem>down</stem>
				<beam number="1">end</beam>
			</note>
			<note>
				<pitch>
					<step>C</step>
					<octave>4</octave>
				</pitch>
				<duration>4</duration>
				<voice>1</voice>
				<type>quarter</type>
				<stem>down</stem>
				<notations>
					<slur type="start" number="1"/>
				</notations>
			</note>
			<note>
				<pitch>
					<step>G</step>
					<octave>3</octave>
				</pitch>
				<duration>2</duration>
				<voice>1</voice>
				<type>eighth</type>
				<stem>up</stem>
				<notations>
					<slur type="stop" number="1"/>
				</notations>
			</note>
		</measure>
		<measure number="3">
			<note>
				<pitch>
					<step>A</step>
					<octave>3</octave>
				</pitch>
				<duration>2</duration>
				<voice>1</voice>
				<type>eighth</type>
				<stem>up</stem>
				<beam number="1">begin</beam>
			</note>
			<note>
				<pitch>
					<step>B</step>
					<octave>3</octave>
				</pitch>
				<duration>2</duration>
				<voice>1</voice>
				<type>eighth</type>
				<stem>up</stem>
				<beam number="1">continue</beam>
			</note>
			<note>
				<pitch>
					<step>C</step>
					<octave>4</octave>
				</pitch>
				<duration>2</duration>
				<voice>1</voice>
				<type>eighth</type>
				<stem>up</stem>
				<beam number="1">end</beam>
			</note>
			<note>
				<pitch>
					<step>A</step>
					<octave>3</octave>
				</pitch>
				<duration>2</duration>
				<voice>1</voice>
				<type>eighth</type>
				<stem>up</stem>
				<beam number="1">begin</beam>
			</note>
			<note>
				<pitch>
					<step>B</step>
					<octave>3</octave>
				</pitch>
				<duration>2</duration>
				<voice>1</voice>
				<type>eighth</type>
				<stem>up</stem>
				<beam number="1">continue</beam>
			</note>
			<note>
				<pitch>
					<step>G</step>
					<octave>3</octave>
				</pitch>
				<duration>2</duration>
				<voice>1</voice>
				<type>eighth</type>
				<stem>up</stem>
				<beam number="1">end</beam>
			</note>
		</measure>
		<measure number="4">
			<note>
				<pitch>
					<step>C</step>
					<octave>4</octave>
				</pitch>
				<duration>2</duration>
				<voice>1</voice>
				<type>eighth</type>
				<stem>up</stem>
				<beam number="1">begin</beam>
			</note>
			<note>
				<pitch>
					<step>B</step>
					<octave>3</octave>
				</pitch>
				<duration>2</duration>
				<voice>1</voice>
				<type>eighth</type>
				<stem>up</stem>
				<beam number="1">continue</beam>
			</note>
			<note>
				<pitch>
					<step>C</step>
					<octave>4</octave>
				</pitch>
				<duration>2</duration>
				<voice>1</voice>
				<type>eighth</type>
				<stem>up</stem>
				<beam number="1">end</beam>
			</note>
			<note>
				<pitch>
					<step>D</step>
					<octave>4</octave>
				</pitch>
				<duration>4</duration>
				<voice>1</voice>
				<type>quarter</type>
				<stem>down</stem>
				<notations>
					<slur type="start" number="1"/>
				</notations>
			</note>
			<note>
				<pitch>
					<step>E</step>
					<octave>4</octave>
				</pitch>
				<duration>2</duration>
				<voice>1</voice>
				<type>eighth</type>
				<stem>down</stem>
				<notations>
					<slur type="stop" number="1"/>
				</notations>
			</note>
		</measure>
		<measure number="5">
			<note>
				<pitch>
					<step>C</step>
					<octave>4</octave>
				</pitch>
				<duration>2</duration>
				<voice>1</voice>
				<type>eighth</type>
				<stem>down</stem>
				<beam number="1">begin</beam>
			</note>
			<note>
				<pitch>
					<step>G</step>
					<octave>4</octave>
				</pitch>
				<duration>2</duration>
				<voice>1</voice>
				<type>eighth</type>
				<stem>down</stem>
				<beam number="1">continue</beam>
			</note>
			<note>
				<pitch>
					<step>F</step>
					<octave>4</octave>
				</pitch>
				<duration>2</duration>
				<voice>1</voice>
				<type>eighth</type>
				<stem>down</stem>
				<beam number="1">end</beam>
			</note>
			<note>
				<pitch>
					<step>E</step>
					<octave>4</octave>
				</pitch>
				<duration>4</duration>
				<voice>1</voice>
				<type>quarter</type>
				<stem>down</stem>
			</note>
			<note>
				<pitch>
					<step>D</step>
					<octave>4</octave>
				</pitch>
				<duration>2</duration>
				<voice>1</voice>
				<type>eighth</type>
				<stem>down</stem>
			</note>
		</measure>
		<measure number="6">
			<note>
				<pitch>
					<step>C</step>
					<octave>4</octave>
				</pitch>
				<duration>2</duration>
				<voice>1</voice>
				<type>eighth</type>
				<stem>down</stem>
				<beam number="1">begin</beam>
			</note>
			<note>
				<pitch>
					<step>G</step>
					<octave>4</octave>
				</pitch>
				<duration>2</duration>
				<voice>1</voice>
				<type>eighth</type>
				<stem>down</stem>
				<beam number="1">continue</beam>
			</note>
			<note>
				<pitch>
					<step>F</step>
					<octave>4</octave>
				</pitch>
				<duration>2</duration>
				<voice>1</voice>
				<type>eighth</type>
				<stem>down</stem>
				<beam number="1">end</beam>
			</note>
			<note>
				<pitch>
					<step>E</step>
					<octave>4</octave>
				</pitch>
				<duration>4</duration>
				<voice>1</voice>
				<type>quarter</type>
				<stem>down</stem>
				<notations>
					<slur type="start" number="1"/>
				</notations>
			</note>
			<note>
				<pitch>
					<step>D</step>
					<octave>4</octave>
				</pitch>
				<duration>2</duration>
				<voice>1</voice>
				<type>eighth</type>
				<stem>down</stem>
				<notations>
					<slur type="stop" number="1"/>
				</notations>
			</note>
		</measure>
		<measure number="7">
			<barline location="left">
				<ending type="start" number="1"/>
			</barline>
			<note>
				<pitch>
					<step>C</step>
					<octave>4</octave>
				</pitch>
				<duration>2</duration>
				<voice>1</voice>
				<type>eighth</type>
				<stem>up</stem>
				<beam number="1">begin</beam>
			</note>
			<note>
				<pitch>
					<step>B</step>
					<octave>3</octave>
				</pitch>
				<duration>2</duration>
				<voice>1</voice>
				<type>eighth</type>
				<stem>up</stem>
				<beam number="1">continue</beam>
			</note>
			<note>
				<pitch>
					<step>C</step>
					<octave>4</octave>
				</pitch>
				<duration>2</duration>
				<voice>1</voice>
				<type>eighth</type>
				<stem>up</stem>
				<beam number="1">end</beam>
			</note>
			<note>
				<pitch>
					<step>A</step>
					<octave>3</octave>
				</pitch>
				<duration>4</duration>
				<voice>1</voice>
				<type>quarter</type>
				<stem>up</stem>
				<notations>
					<slur type="start" number="1"/>
				</notations>
			</note>
			<note>
				<pitch>
					<step>E</step>
					<octave>4</octave>
				</pitch>
				<duration>2</duration>
				<voice>1</voice>
				<type>eighth</type>
				<stem>down</stem>
				<notations>
					<slur type="stop" number="1"/>
				</notations>
			</note>
		</measure>
		<measure number="8">
			<note>
				<pitch>
					<step>A</step>
					<octave>3</octave>
				</pitch>
				<duration>2</duration>
				<voice>1</voice>
				<type>eighth</type>
				<stem>down</stem>
				<beam number="1">begin</beam>
				<notations>
					<articulations>
						<staccatissimo placement="above"/>
					</articulations>
				</notations>
			</note>
			<note>
				<pitch>
					<step>E</step>
					<octave>4</octave>
				</pitch>
				<duration>2</duration>
				<voice>1</voice>
				<type>eighth</type>
				<stem>down</stem>
				<beam number="1">continue</beam>
				<notations>
					<articulations>
						<staccatissimo placement="above"/>
					</articulations>
				</notations>
			</note>
			<note>
				<pitch>
					<step>E</step>
					<octave>4</octave>
				</pitch>
				<duration>2</duration>
				<voice>1</voice>
				<type>eighth</type>
				<stem>down</stem>
				<beam number="1">end</beam>
				<notations>
					<articulations>
						<staccatissimo placement="above"/>
					</articulations>
				</notations>
			</note>
			<note>
				<pitch>
					<step>A</step>
					<octave>3</octave>
				</pitch>
				<duration>6</duration>
				<voice>1</voice>
				<type>quarter</type>
				<dot/>
				<stem>up</stem>
			</note>
			<barline location="right">
				<bar-style>light-heavy</bar-style>
				<ending type="stop" number="1"/>
				<repeat direction="backward"/>
			</barline>
		</measure>
		<measure number="9">
			<print new-system="yes"/>
			<barline location="left">
				<ending type="start" number="2"/>
			</barline>
			<note>
				<pitch>
					<step>C</step>
					<octave>4</octave>
				</pitch>
				<duration>2</duration>
				<voice>1</voice>
				<type>eighth</type>
				<stem>up</stem>
				<beam number="1">begin</beam>
			</note>
			<note>
				<pitch>
					<step>B</step>
					<octave>3</octave>
				</pitch>
				<duration>2</duration>
				<voice>1</voice>
				<type>eighth</type>
				<stem>up</stem>
				<beam number="1">continue</beam>
			</note>
			<note>
				<pitch>
					<step>C</step>
					<octave>4</octave>
				</pitch>
				<duration>2</duration>
				<voice>1</voice>
				<type>eighth</type>
				<stem>up</stem>
				<beam number="1">end</beam>
			</note>
			<note>
				<pitch>
					<step>A</step>
					<octave>3</octave>
				</pitch>
				<duration>2</duration>
				<voice>1</voice>
				<type>eighth</type>
				<stem>up</stem>
				<beam number="1">begin</beam>
			</note>
			<note>
				<pitch>
					<step>B</step>
					<octave>3</octave>
				</pitch>
				<duration>2</duration>
				<voice>1</voice>
				<type>eighth</type>
				<stem>up</stem>
				<beam number="1">continue</beam>
			</note>
			<note>
				<pitch>
					<step>C</step>
					<octave>4</octave>
				</pitch>
				<duration>2</duration>
				<voice>1</voice>
				<type>eighth</type>
				<stem>up</stem>
				<beam number="1">end</beam>
			</note>
		</measure>
		<measure number="10">
			<note>
				<pitch>
					<step>D</step>
					<octave>4</octave>
				</pitch>
				<duration>1</duration>
				<voice>1</voice>
				<type>16th</type>
				<stem>down</stem>
				<beam number="1">begin</beam>
				<beam number="2">begin</beam>
				<notations>
					<slur type="start" number="1"/>
				</notations>
			</note>
			<note>
				<pitch>
					<step>C</step>
					<octave>4</octave>
				</pitch>
				<duration>1</duration>
				<voice>1</voice>
				<type>16th</type>
				<stem>down</stem>
				<beam number="1">continue</beam>
				<beam number="2">end</beam>
			</note>
			<note>
				<pitch>
					<step>D</step>
					<octave>4</octave>
				</pitch>
				<duration>2</duration>
				<voice>1</voice>
				<type>eighth</type>
				<stem>down</stem>
				<beam number="1">continue</beam>
				<notations>
					<slur type="stop" number="1"/>
				</notations>
			</note>
			<note>
				<pitch>
					<step>B</step>
					<octave>3</octave>
				</pitch>
				<duration>2</duration>
				<voice>1</voice>
				<type>eighth</type>
				<stem>down</stem>
				<beam number="1">end</beam>
			</note>
			<note>
				<pitch>
					<step>C</step>
					<octave>4</octave>
				</pitch>
				<duration>6</duration>
				<voice>1</voice>
				<type>quarter</type>
				<dot/>
				<stem>down</stem>
			</note>
			<barline location="right">
				<ending type="stop" number="2"/>
			</barline>
		</measure>
		<measure number="11">
			<barline location="left">
				<bar-style>heavy-light</bar-style>
				<repeat direction="forward"/>
			</barline>
			<direction placement="above">
				<direction-type>
					<words>2.</words>
				</direction-type>
			</direction>
			<note>
				<pitch>
					<step>E</step>
					<octave>4</octave>
				</pitch>
				<duration>2</duration>
				<voice>1</voice>
				<type>eighth</type>
				<stem>down</stem>
				<beam number="1">begin</beam>
			</note>
			<note>
				<pitch>
					<step>D</step>
					<octave>4</octave>
				</pitch>
				<duration>2</duration>
				<voice>1</voice>
				<type>eighth</type>
				<stem>down</stem>
				<beam number="1">continue</beam>
			</note>
			<note>
				<pitch>
					<step>C</step>
					<octave>4</octave>
				</pitch>
				<duration>2</duration>
				<voice>1</voice>
				<type>eighth</type>
				<stem>down</stem>
				<beam number="1">end</beam>
			</note>
			<note>
				<pitch>
					<step>B</step>
					<octave>3</octave>
				</pitch>
				<duration>4</duration>
				<voice>1</voice>
				<type>quarter</type>
				<stem>up</stem>
				<notations>
					<slur type="start" number="1"/>
				</notations>
			</note>
			<note>
				<pitch>
					<step>A</step>
					<octave>3</octave>
				</pitch>
				<duration>2</duration>
				<voice>1</voice>
				<type>eighth</type>
				<stem>up</stem>
				<notations>
					<slur type="stop" number="1"/>
				</notations>
			</note>
		</measure>
		<measure number="12">
			<note>
				<pitch>
					<step>C</step>
					<octave>4</octave>
				</pitch>
				<duration>4</duration>
				<voice>1</voice>
				<type>quarter</type>
				<stem>down</stem>
				<notations>
					<slur type="start" number="1"/>
				</notations>
			</note>
			<note>
				<pitch>
					<step>D</step>
					<octave>4</octave>
				</pitch>
				<duration>2</duration>
				<voice>1</voice>
				<type>eighth</type>
				<stem>down</stem>
				<notations>
					<slur type="stop" number="1"/>
				</notations>
			</note>
			<note>
				<pitch>
					<step>E</step>
					<octave>4</octave>
				</pitch>
				<duration>4</duration>
				<voice>1</voice>
				<type>quarter</type>
				<stem>down</stem>
				<notations>
					<slur type="start" number="1"/>
				</notations>
			</note>
			<note>
				<pitch>
					<step>D</step>
					<octave>4</octave>
				</pitch>
				<duration>2</duration>
				<voice>1</voice>
				<type>eighth</type>
				<stem>down</stem>
				<notations>
					<slur type="stop" number="1"/>
				</notations>
			</note>
		</measure>
		<measure number="13">
			<note>
				<pitch>
					<step>C</step>
					<octave>4</octave>
				</pitch>
				<duration>2</duration>
				<voice>1</voice>
				<type>eighth</type>
				<stem>up</stem>
				<beam number="1">begin</beam>
			</note>
			<note>
				<pitch>
					<step>B</step>
					<octave>3</octave>
				</pitch>
				<duration>2</duration>
				<voice>1</voice>
				<type>eighth</type>
				<stem>up</stem>
				<beam number="1">continue</beam>
			</note>
			<note>
				<pitch>
					<step>C</step>
					<octave>4</octave>
				</pitch>
				<duration>2</duration>
				<voice>1</voice>
				<type>eighth</type>
				<stem>up</stem>
				<beam number="1">end</beam>
			</note>
			<note>
				<pitch>
					<step>A</step>
					<octave>3</octave>
				</pitch>
				<duration>4</duration>
				<voice>1</voice>
				<type>quarter</type>
				<stem>up</stem>
				<notations>
					<slur type="start" number="1"/>
				</notations>
			</note>
			<note>
				<pitch>
					<step>B</step>
					<octave>3</octave>
				</pitch>
				<duration>2</duration>
				<voice>1</voice>
				<type>eighth</type>
				<stem>up</stem>
				<notations>
					<slur type="stop" number="1"/>
				</notations>
			</note>
		</measure>
		<measure number="14">
			<note>
				<pitch>
					<step>G</step>
					<octave>3</octave>
				</pitch>
				<duration>2</duration>
				<voice>1</voice>
				<type>eighth</type>
				<stem>up</stem>
				<beam number="1">begin</beam>
			</note>
			<note>
				<pitch>
					<step>A</step>
					<octave>3</octave>
				</pitch>
				<duration>2</duration>
				<voice>1</voice>
				<type>eighth</type>
				<stem>up</stem>
				<beam number="1">continue</beam>
			</note>
			<note>
				<pitch>
					<step>B</step>
					<octave>3</octave>
				</pitch>
				<duration>2</duration>
				<voice>1</voice>
				<type>eighth</type>
				<stem>up</stem>
				<beam number="1">end</beam>
			</note>
			<note>
				<pitch>
					<step>C</step>
					<octave>4</octave>
				</pitch>
				<duration>4</duration>
				<voice>1</voice>
				<type>quarter</type>
				<stem>down</stem>
				<notations>
					<slur type="start" number="1"/>
				</notations>
			</note>
			<note>
				<pitch>
					<step>G</step>
					<octave>3</octave>
				</pitch>
				<duration>2</duration>
				<voice>1</voice>
				<type>eighth</type>
				<stem>up</stem>
				<notations>
					<slur type="stop" number="1"/>
				</notations>
			</note>
		</measure>
		<measure number="15">
			<note>
				<pitch>
					<step>A</step>
					<octave>3</octave>
				</pitch>
				<duration>2</duration>
				<voice>1</voice>
				<type>eighth</type>
				<stem>up</stem>
				<beam number="1">begin</beam>
			</note>
			<note>
				<pitch>
					<step>B</step>
					<octave>3</octave>
				</pitch>
				<duration>2</duration>
				<voice>1</voice>
				<type>eighth</type>
				<stem>up</stem>
				<beam number="1">continue</beam>
			</note>
			<note>
				<pitch>
					<step>C</step>
					<octave>4</octave>
				</pitch>
				<duration>2</duration>
				<voice>1</voice>
				<type>eighth</type>
				<stem>up</stem>
				<beam number="1">end</beam>
			</note>
			<note>
				<pitch>
					<step>A</step>
					<octave>3</octave>
				</pitch>
				<duration>2</duration>
				<voice>1</voice>
				<type>eighth</type>
				<stem>up</stem>
				<beam number="1">begin</beam>
			</note>
			<note>
				<pitch>
					<step>B</step>
					<octave>3</octave>
				</pitch>
				<duration>2</duration>
				<voice>1</voice>
				<type>eighth</type>
				<stem>up</stem>
				<beam number="1">continue</beam>
			</note>
			<note>
				<pitch>
					<step>G</step>
					<octave>3</octave>
				</pitch>
				<duration>2</duration>
				<voice>1</voice>
				<type>eighth</type>
				<stem>up</stem>
				<beam number="1">end</beam>
			</note>
		</measure>
		<measure number="16">
			<print new-system="yes"/>
			<note>
				<pitch>
					<step>C</step>
					<octave>4</octave>
				</pitch>
				<duration>2</duration>
				<voice>1</voice>
				<type>eighth</type>
				<stem>up</stem>
				<beam number="1">begin</beam>
			</note>
			<note>
				<pitch>
					<step>B</step>
					<octave>3</octave>
				</pitch>
				<duration>2</duration>
				<voice>1</voice>
				<type>eighth</type>
				<stem>up</stem>
				<beam number="1">continue</beam>
			</note>
			<note>
				<pitch>
					<step>C</step>
					<octave>4</octave>
				</pitch>
				<duration>2</duration>
				<voice>1</voice>
				<type>eighth</type>
				<stem>up</stem>
				<beam number="1">end</beam>
			</note>
			<note>
				<pitch>
					<step>D</step>
					<octave>4</octave>
				</pitch>
				<duration>4</duration>
				<voice>1</voice>
				<type>quarter</type>
				<stem>down</stem>
				<notations>
					<slur type="start" number="1"/>
				</notations>
			</note>
			<note>
				<pitch>
					<step>E</step>
					<octave>4</octave>
				</pitch>
				<duration>2</duration>
				<voice>1</voice>
				<type>eighth</type>
				<stem>down</stem>
				<notations>
					<slur type="stop" number="1"/>
				</notations>
			</note>
		</measure>
		<measure number="17">
			<note>
				<pitch>
					<step>C</step>
					<octave>4</octave>
				</pitch>
				<duration>2</duration>
				<voice>1</voice>
				<type>eighth</type>
				<stem>down</stem>
				<beam number="1">begin</beam>
			</note>
			<note>
				<pitch>
					<step>G</step>
					<octave>4</octave>
				</pitch>
				<duration>2</duration>
				<voice>1</voice>
				<type>eighth</type>
				<stem>down</stem>
				<beam number="1">continue</beam>
			</note>
			<note>
				<pitch>
					<step>F</step>
					<octave>4</octave>
				</pitch>
				<duration>2</duration>
				<voice>1</voice>
				<type>eighth</type>
				<stem>down</stem>
				<beam number="1">end</beam>
			</note>
			<note>
				<pitch>
					<step>E</step>
					<octave>4</octave>
				</pitch>
				<duration>4</duration>
				<voice>1</voice>
				<type>quarter</type>
				<stem>down</stem>
				<notations>
					<slur type="start" number="1"/>
				</notations>
			</note>
			<note>
				<pitch>
					<step>D</step>
					<octave>4</octave>
				</pitch>
				<duration>2</duration>
				<voice>1</voice>
				<type>eighth</type>
				<stem>down</stem>
				<notations>
					<slur type="stop" number="1"/>
				</notations>
			</note>
		</measure>
		<measure number="18">
			<note>
				<pitch>
					<step>C</step>
					<octave>4</octave>
				</pitch>
				<duration>2</duration>
				<voice>1</voice>
				<type>eighth</type>
				<stem>down</stem>
				<beam number="1">begin</beam>
			</note>
			<note>
				<pitch>
					<step>G</step>
					<octave>4</octave>
				</pitch>
				<duration>2</duration>
				<voice>1</voice>
				<type>eighth</type>
				<stem>down</stem>
				<beam number="1">continue</beam>
			</note>
			<note>
				<pitch>
					<step>F</step>
					<octave>4</octave>
				</pitch>
				<duration>2</duration>
				<voice>1</voice>
				<type>eighth</type>
				<stem>down</stem>
				<beam number="1">end</beam>
			</note>
			<note>
				<pitch>
					<step>E</step>
					<octave>4</octave>
				</pitch>
				<duration>4</duration>
				<voice>1</voice>
				<type>quarter</type>
				<stem>down</stem>
				<notations>
					<slur type="start" number="1"/>
				</notations>
			</note>
			<note>
				<pitch>
					<step>D</step>
					<octave>4</octave>
				</pitch>
				<duration>2</duration>
				<voice>1</voice>
				<type>eighth</type>
				<stem>down</stem>
				<notations>
					<slur type="stop" number="1"/>
				</notations>
			</note>
		</measure>
		<measure number="19">
			<barline location="left">
				<ending type="start" number="1"/>
			</barline>
			<note>
				<pitch>
					<step>C</step>
					<octave>4</octave>
				</pitch>
				<duration>2</duration>
				<voice>1</voice>
				<type>eighth</type>
				<stem>up</stem>
				<beam number="1">begin</beam>
			</note>
			<note>
				<pitch>
					<step>B</step>
					<octave>3</octave>
				</pitch>
				<duration>2</duration>
				<voice>1</voice>
				<type>eighth</type>
				<stem>up</stem>
				<beam number="1">continue</beam>
			</note>
			<note>
				<pitch>
					<step>C</step>
					<octave>4</octave>
				</pitch>
				<duration>2</duration>
				<voice>1</voice>
				<type>eighth</type>
				<stem>up</stem>
				<beam number="1">end</beam>
			</note>
			<note>
				<pitch>
					<step>A</step>
					<octave>3</octave>
				</pitch>
				<duration>4</duration>
				<voice>1</voice>
				<type>quarter</type>
				<stem>up</stem>
				<notations>
					<slur type="start" number="1"/>
				</notations>
			</note>
			<note>
				<pitch>
					<step>E</step>
					<octave>4</octave>
				</pitch>
				<duration>2</duration>
				<voice>1</voice>
				<type>eighth</type>
				<stem>down</stem>
				<notations>
					<slur type="stop" number="1"/>
				</notations>
			</note>
		</measure>
		<measure number="20">
			<note>
				<pitch>
					<step>A</step>
					<octave>3</octave>
				</pitch>
				<duration>2</duration>
				<voice>1</voice>
				<type>eighth</type>
				<stem>down</stem>
				<beam number="1">begin</beam>
				<notations>
					<articulations>
						<staccatissimo placement="above"/>
					</articulations>
				</notations>
			</note>
			<note>
				<pitch>
					<step>E</step>
					<octave>4</octave>
				</pitch>
				<duration>2</duration>
				<voice>1</voice>
				<type>eighth</type>
				<stem>down</stem>
				<beam number="1">continue</beam>
				<notations>
					<articulations>
						<staccatissimo placement="above"/>
					</articulations>
				</notations>
			</note>
			<note>
				<pitch>
					<step>E</step>
					<octave>4</octave>
				</pitch>
				<duration>2</duration>
				<voice>1</voice>
				<type>eighth</type>
				<stem>down</stem>
				<beam number="1">end</beam>
				<notations>
					<articulations>
						<staccatissimo placement="above"/>
					</articulations>
				</notations>
			</note>
			<note>
				<pitch>
					<step>A</step>
					<octave>3</octave>
				</pitch>
				<duration>6</duration>
				<voice>1</voice>
				<type>quarter</type>
				<dot/>
				<stem>up</stem>
			</note>
			<barline location="right">
				<bar-style>light-heavy</bar-style>
				<ending type="stop" number="1"/>
				<repeat direction="backward"/>
			</barline>
		</measure>
		<measure number="21">
			<barline location="left">
				<ending type="start" number="2"/>
			</barline>
			<note>
				<pitch>
					<step>C</step>
					<octave>4</octave>
				</pitch>
				<duration>2</duration>
				<voice>1</voice>
				<type>eighth</type>
				<stem>up</stem>
				<beam number="1">begin</beam>
			</note>
			<note>
				<pitch>
					<step>B</step>
					<octave>3</octave>
				</pitch>
				<duration>2</duration>
				<voice>1</voice>
				<type>eighth</type>
				<stem>up</stem>
				<beam number="1">continue</beam>
			</note>
			<note>
				<pitch>
					<step>C</step>
					<octave>4</octave>
				</pitch>
				<duration>2</duration>
				<voice>1</voice>
				<type>eighth</type>
				<stem>up</stem>
				<beam number="1">end</beam>
			</note>
			<note>
				<pitch>
					<step>A</step>
					<octave>3</octave>
				</pitch>
				<duration>2</duration>
				<voice>1</voice>
				<type>eighth</type>
				<stem>up</stem>
				<beam number="1">begin</beam>
			</note>
			<note>
				<pitch>
					<step>B</step>
					<octave>3</octave>
				</pitch>
				<duration>2</duration>
				<voice>1</voice>
				<type>eighth</type>
				<stem>up</stem>
				<beam number="1">continue</beam>
			</note>
			<note>
				<pitch>
					<step>C</step>
					<octave>4</octave>
				</pitch>
				<duration>2</duration>
				<voice>1</voice>
				<type>eighth</type>
				<stem>up</stem>
				<beam number="1">end</beam>
			</note>
		</measure>
		<measure number="22">
			<note>
				<pitch>
					<step>D</step>
					<octave>4</octave>
				</pitch>
				<duration>1</duration>
				<voice>1</voice>
				<type>16th</type>
				<stem>down</stem>
				<beam number="1">begin</beam>
				<beam number="2">begin</beam>
				<notations>
					<slur type="start" number="1"/>
				</notations>
			</note>
			<note>
				<pitch>
					<step>C</step>
					<octave>4</octave>
				</pitch>
				<duration>1</duration>
				<voice>1</voice>
				<type>16th</type>
				<stem>down</stem>
				<beam number="1">continue</beam>
				<beam number="2">end</beam>
			</note>
			<note>
				<pitch>
					<step>D</step>
					<octave>4</octave>
				</pitch>
				<duration>2</duration>
				<voice>1</voice>
				<type>eighth</type>
				<stem>down</stem>
				<beam number="1">continue</beam>
				<notations>
					<slur type="stop" number="1"/>
				</notations>
			</note>
			<note>
				<pitch>
					<step>B</step>
					<octave>3</octave>
				</pitch>
				<duration>2</duration>
				<voice>1</voice>
				<type>eighth</type>
				<stem>down</stem>
				<beam number="1">end</beam>
			</note>
			<note>
				<pitch>
					<step>C</step>
					<octave>4</octave>
				</pitch>
				<duration>6</duration>
				<voice>1</voice>
				<type>quarter</type>
				<dot/>
				<stem>down</stem>
			</note>
			<barline location="right">
				<bar-style>light-heavy</bar-style>
				<ending type="stop" number="2"/>
			</barline>
		</measure>
	</part>
</score-partwise>
